Date,Time,"Virtual Memory Committed [MB]","Virtual Memory Available [MB]","Virtual Memory Load [%]","Physical Memory Used [MB]","Physical Memory Available [MB]","Physical Memory Load [%]","Page File Usage [%]","Page File Total [MB]","Page File Used [MB]","Core VIDs (avg) [V]","Core 0 VID [V]","Core 1 VID [V]","Core 2 VID [V]","Core 3 VID [V]","Core 4 VID [V]","Core 5 VID [V]","Core 6 VID [V]","Core 7 VID [V]","Core Clocks (avg) [MHz]","Core 0 Clock (perf #5) [MHz]","Core 1 Clock (perf #3) [MHz]","Core 2 Clock (perf #1) [MHz]","Core 3 Clock (perf #1) [MHz]","Core 4 Clock (perf #2) [MHz]","Core 5 Clock (perf #4) [MHz]","Core 6 Clock (perf #7) [MHz]","Core 7 Clock (perf #6) [MHz]","Bus Clock [MHz]","Core Effective Clocks (avg) [MHz]","Core 0 T0 Effective Clock [MHz]","Core 0 T1 Effective Clock [MHz]","Core 1 T0 Effective Clock [MHz]","Core 1 T1 Effective Clock [MHz]","Core 2 T0 Effective Clock [MHz]","Core 2 T1 Effective Clock [MHz]","Core 3 T0 Effective Clock [MHz]","Core 3 T1 Effective Clock [MHz]","Core 4 T0 Effective Clock [MHz]","Core 4 T1 Effective Clock [MHz]","Core 5 T0 Effective Clock [MHz]","Core 5 T1 Effective Clock [MHz]","Core 6 T0 Effective Clock [MHz]","Core 6 T1 Effective Clock [MHz]","Core 7 T0 Effective Clock [MHz]","Core 7 T1 Effective Clock [MHz]","Average Effective Clock [MHz]","Core Usage (avg) [%]","Core 0 T0 Usage [%]","Core 0 T1 Usage [%]","Core 1 T0 Usage [%]","Core 1 T1 Usage [%]","Core 2 T0 Usage [%]","Core 2 T1 Usage [%]","Core 3 T0 Usage [%]","Core 3 T1 Usage [%]","Core 4 T0 Usage [%]","Core 4 T1 Usage [%]","Core 5 T0 Usage [%]","Core 5 T1 Usage [%]","Core 6 T0 Usage [%]","Core 6 T1 Usage [%]","Core 7 T0 Usage [%]","Core 7 T1 Usage [%]","Max CPU/Thread Usage [%]","Total CPU Usage [%]","Core Utility (avg) [%]","Core 0 T0 Utility [%]","Core 0 T1 Utility [%]","Core 1 T0 Utility [%]","Core 1 T1 Utility [%]","Core 2 T0 Utility [%]","Core 2 T1 Utility [%]","Core 3 T0 Utility [%]","Core 3 T1 Utility [%]","Core 4 T0 Utility [%]","Core 4 T1 Utility [%]","Core 5 T0 Utility [%]","Core 5 T1 Utility [%]","Core 6 T0 Utility [%]","Core 6 T1 Utility [%]","Core 7 T0 Utility [%]","Core 7 T1 Utility [%]","Total CPU Utility [%]","Core Ratios (avg) [x]","Core 0 Ratio [x]","Core 1 Ratio [x]","Core 2 Ratio [x]","Core 3 Ratio [x]","Core 4 Ratio [x]","Core 5 Ratio [x]","Core 6 Ratio [x]","Core 7 Ratio [x]","Package C6 Residency [%]","Core C0 Residency (avg) [%]","Core 0 C0 Residency [%]","Core 1 C0 Residency [%]","Core 2 C0 Residency [%]","Core 3 C0 Residency [%]","Core 4 C0 Residency [%]","Core 5 C0 Residency [%]","Core 6 C0 Residency [%]","Core 7 C0 Residency [%]","Core C1 Residency (avg) [%]","Core 0 C1 Residency [%]","Core 1 C1 Residency [%]","Core 2 C1 Residency [%]","Core 3 C1 Residency [%]","Core 4 C1 Residency [%]","Core 5 C1 Residency [%]","Core 6 C1 Residency [%]","Core 7 C1 Residency [%]","Core C6 Residency (avg) [%]","Core 0 C6 Residency [%]","Core 1 C6 Residency [%]","Core 2 C6 Residency [%]","Core 3 C6 Residency [%]","Core 4 C6 Residency [%]","Core 5 C6 Residency [%]","Core 6 C6 Residency [%]","Core 7 C6 Residency [%]","Memory Clock [MHz]","Memory Clock Ratio [x]","Tcas [T]","Trcd [T]","Trp [T]","Tras [T]","Trc [T]","Trfc [T]","Command Rate [T]","CPU (Tctl/Tdie) [°C]","CPU Die (average) [°C]","CPU CCD1 (Tdie) [°C]","Core Temperatures (avg) [°C]","Core0 (CCD1) [°C]","Core1 (CCD1) [°C]","Core2 (CCD1) [°C]","Core3 (CCD1) [°C]","Core4 (CCD1) [°C]","Core5 (CCD1) [°C]","Core6 (CCD1) [°C]","Core7 (CCD1) [°C]","L3 Temperatures (avg) [°C]","L3 Cache (CCD1) [°C]","CPU IOD Hotspot [°C]","CPU IOD Average [°C]","CPU VDDCR_VDD VRM (SVI3 TFN) [°C]","CPU VDDCR_SOC VRM (SVI3 TFN) [°C]","CPU VDD_MISC VRM (SVI3 TFN) [°C]","CPU VDDCR_VDD Voltage (SVI3 TFN) [V]","CPU VDDCR_SOC Voltage (SVI3 TFN) [V]","CPU VDD_MISC Voltage (SVI3 TFN) [V]","CPU Core Current (SVI3 TFN) [A]","SoC Current (SVI3 TFN) [A]","CPU TDC [A]","CPU EDC [A]","MISC Current (SVI3 TFN) [A]","CPU Package Power [W]","Core Powers (avg) [W]","Core 0 Power [W]","Core 1 Power [W]","Core 2 Power [W]","Core 3 Power [W]","Core 4 Power [W]","Core 5 Power [W]","Core 6 Power [W]","Core 7 Power [W]","CPU Core Power (SVI3 TFN) [W]","CPU SoC Power (SVI3 TFN) [W]","Core+SoC+MISC Power (SVI3 TFN) [W]","CPU PPT [W]","Infinity Fabric Clock (FCLK) [MHz]","Memory Controller Clock (UCLK) [MHz]","L3 Clocks (avg) [MHz]","L3 Cache (CCD1) [MHz]","Frequency Limit - Global [MHz]","CPU PPT Limit [%]","CPU TDC Limit [%]","CPU EDC Limit [%]","CPU PPT FAST Limit [%]","Thermal Limit [%]","Thermal Throttling (HTC) [Yes/No]","Thermal Throttling (PROCHOT CPU) [Yes/No]","Thermal Throttling (PROCHOT EXT) [Yes/No]","DRAM Read Bandwidth [GB/s]","DRAM Write Bandwidth [GB/s]","Average Active Core Count []","Motherboard [°C]","CPU Package [°C]","CPU [°C]","Temp9 [°C]","TSI0 (CPU) [°C]","Vcore [V]","+5V [V]","AVSB [V]","3VCC [V]","+12V [V]","VMISC [V]","CPU SOC [V]","3VSB [V]","VBAT [V]","VTT [V]","Chipset0 +1.05V [V]","Chipset1 +1.05V [V]","1.8V_ALW [V]","CPU VDDIO / MC [V]","1.8V_RUN [V]","VIN9 [V]","VHIF [V]","VIN10 [V]","Chassis1 [RPM]","CPU [RPM]","Chassis2 [RPM]","Chassis3 [RPM]","Chassis4 [RPM]","Chipset 1 (xHCI) [°C]","Chipset 2 (xHCI) [°C]","SPD Hub Temperature [°C]","VDD (SWA) Voltage [V]","VDDQ (SWB) Voltage [V]","VPP (SWC) Voltage [V]","1.8V VOUT Voltage [V]","1.0V VOUT Voltage [V]","VIN Voltage [V]","Total Power [W]","PMIC High Temperature [Yes/No]","PMIC Over Voltage [Yes/No]","PMIC Under Voltage [Yes/No]","SPD Hub Temperature [°C]","VDD (SWA) Voltage [V]","VDDQ (SWB) Voltage [V]","VPP (SWC) Voltage [V]","1.8V VOUT Voltage [V]","1.0V VOUT Voltage [V]","VIN Voltage [V]","Total Power [W]","PMIC High Temperature [Yes/No]","PMIC Over Voltage [Yes/No]","PMIC Under Voltage [Yes/No]","Drive Temperature [°C]","Drive Temperature 2 [°C]","Drive Temperature 3 [°C]","Drive Remaining Life [%]","Drive Available Spare [%]","Drive Failure [Yes/No]","Drive Warning [Yes/No]","Total Host Writes [GB]","Total Host Reads [GB]","Drive Temperature [°C]","Drive Remaining Life [%]","Drive Available Spare [%]","Drive Failure [Yes/No]","Drive Warning [Yes/No]","Total Host Writes [GB]","Total Host Reads [GB]","Read Activity [%]","Write Activity [%]","Total Activity [%]","Read Rate [MB/s]","Write Rate [MB/s]","Read Total [MB]","Write Total [MB]","Read Activity [%]","Write Activity [%]","Total Activity [%]","Read Rate [MB/s]","Write Rate [MB/s]","Read Total [MB]","Write Total [MB]","GPU Temperature [°C]","GPU Memory Junction Temperature [°C]","GPU Core Voltage [V]","GPU Rail Voltages (avg) [V]","GPU PCIe +12V Input Voltage [V]","GPU 12VHPWR Voltage [V]","GPU Unknown Rail (10) Voltage [V]","GPU Fan1 [RPM]","GPU Fan2 [RPM]","GPU Fan3 [RPM]","GPU Power [W]","GPU Rail Powers (avg) [W]","GPU PCIe +12V Input Power [W]","GPU 12VHPWR Power [W]","GPU Unknown Rail (D6) Power (sum) [W]","GPU Core (NVVDD) Input Power (sum) [W]","GPU Unknown Rail (D4) Power (sum) [W]","GPU Misc0 Input Power (sum) [W]","GPU Unknown Rail (D) Power (sum) [W]","GPU Unknown Rail (10) Power [W]","GPU Core (NVVDD) Output Power [W]","GPU Core (NVVDD) Output Power [W]","GPU Power Limit (rated) [W]","GPU Power Limit (max) [W]","GPU Clock [MHz]","GPU Memory Clock [MHz]","GPU Video Clock [MHz]","GPU Effective Clock [MHz]","GPU Crossbar Clock [MHz]","GPU Core Load [%]","GPU Memory Controller Load [%]","GPU Video Engine Load [%]","GPU Bus Load [%]","GPU Memory Usage [%]","GPU D3D Usages (avg) [%]","GPU D3D Usage [%]","GPU Video Decode 0 Usage [%]","GPU Video Encode 0 Usage [%]","GPU Video Encode 1 Usage [%]","GPU VR Usage [%]","GPU Fan1 [%]","GPU Fan2 [%]","GPU Fan3 [%]","GPU Performance Limiters (avg) [Yes/No]","Performance Limit - Power [Yes/No]","Performance Limit - Thermal [Yes/No]","Performance Limit - Reliability Voltage [Yes/No]","Performance Limit - Max Operating Voltage [Yes/No]","Performance Limit - Utilization [Yes/No]","Performance Limit - SLI GPUBoost Sync [Yes/No]","Total GPU Power [% of TDP] [%]","Total GPU Power (normalized) [% of TDP] [%]","PCI Express Error Counters (avg) []","Receiver Errors []","Replay Count []","Replay Rollover Count []","Bad DLLP Count []","Bad TLP Count []","LCRC Error Count []","NAKs Sent Count []","NAKs Received Count []","Recovery Count []","Correctable Error Count []","Non-Fatal Error Count []","Fatal Error Count []","Unsupported Request Count []","PCIe Lane 0 Errors []","PCIe Lane 1 Errors []","PCIe Lane 2 Errors []","PCIe Lane 3 Errors []","PCIe Lane 4 Errors []","PCIe Lane 5 Errors []","PCIe Lane 6 Errors []","PCIe Lane 7 Errors []","PCIe Lane 8 Errors []","PCIe Lane 9 Errors []","PCIe Lane 10 Errors []","PCIe Lane 11 Errors []","PCIe Lane 12 Errors []","PCIe Lane 13 Errors []","PCIe Lane 14 Errors []","PCIe Lane 15 Errors []","GPU Memory Available [MB]","GPU Memory Allocated [MB]","GPU D3D Memory Dedicated [MB]","GPU D3D Memory Dynamic [MB]","PCIe Link Speed [GT/s]","PSU Temperature [°C]","PSU Ambient Temperature [°C]","+3.3V [V]","+5V [V]","+12V [V]","Input Voltage [V]","PSU Fan [RPM]","+3.3V Current [A]","+5V Current [A]","+12V Current [A]","+3.3V Power [W]","+5V Power [W]","+12V Power [W]","PSU Power (sum) [W]","PSU Power Out [W]","PSU Power In (est) [W]","PSU Efficiency [%]","Framerate [FPS]","Framerate 1% Low [FPS]","Framerate 0.1% Low [FPS]","Frame Time [ms]","Framerate Presented (avg) [FPS]","Framerate Presented (99%) [FPS]","Framerate Presented (1%) [FPS]","Framerate Presented (0.1%) [FPS]","Framerate Presented (1% low) [FPS]","Framerate Presented (0.1% low) [FPS]","Framerate Displayed (avg) [FPS]","Framerate Displayed (99%) [FPS]","Framerate Displayed (1%) [FPS]","Framerate Displayed (0.1%) [FPS]","Framerate Displayed (1% low) [FPS]","Framerate Displayed (0.1% low) [FPS]","Frame Time Presented (avg) [ms]","Frame Time Presented (99%) [ms]","Frame Time Presented (1%) [ms]","Frame Time Presented (0.1%) [ms]","Frame Time Displayed (1% high) [ms]","Frame Time Displayed (0.1% high) [ms]","GPU Busy (avg) [ms]","GPU Wait (avg) [ms]","CPU Busy (avg) [ms]","CPU Wait (avg) [ms]","Animation Error (avg) [ms]","Total DL [MB]","Total UP [MB]","Current DL rate [KB/s]","Current UP rate [KB/s]","Total Errors []",
25.4.2026,10:38:45.302,12442,23940,34.1,9070,23344,27.9,0.0,3968,0,1.255,1.255,1.255,1.255,1.255,1.255,1.255,1.255,1.255,5234.3,5425.0,5425.0,5425.0,5425.0,5425.0,5425.0,4662.1,4662.1,100.0,798.7,663.5,361.7,918.8,469.0,1674.1,1640.7,2083.8,1195.3,705.8,1106.2,585.4,510.1,194.8,180.9,238.7,250.3,798.7,13.5,6.0,7.2,16.3,7.3,29.0,28.7,36.6,20.3,11.8,19.2,9.7,8.4,4.2,3.2,4.2,3.8,36.6,13.5,16.0,7.0,7.2,19.0,9.4,34.6,33.9,43.6,24.4,14.3,22.7,11.9,10.2,4.0,3.7,4.8,5.1,16.0,52.3,54.2,54.2,54.2,54.2,54.2,54.2,46.6,46.6,0.0,27.0,13.4,25.9,53.2,54.2,32.5,20.7,6.8,9.1,56.8,79.6,74.1,46.8,45.8,67.5,79.1,22.9,38.3,16.3,6.9,0.0,0.0,0.0,0.0,0.2,70.3,52.5,3000.0,30.00,30,38,38,32,38,490,1,57.9,52.2,44.8,43.2,43.0,43.5,47.4,46.3,44.9,41.9,40.2,38.4,41.5,41.5,50.0,45.0,46.3,46.3,49.0,1.246,1.240,1.100,25.648,14.376,25.636,78.500,7.307,65.077,2.774,2.066,2.988,4.459,4.635,3.366,2.649,0.881,1.148,32.111,17.822,57.971,65.161,2000.0,3000.0,5421.7,5421.7,5442.1,6.5,2.6,7.8,6.5,58.0,No,No,No,2.544,4.269,2.2,29,57,46,24,57,1.154,5.040,3.360,3.328,12.000,1.146,1.288,3.344,3.296,3.328,1.056,1.056,1.822,1.536,1.814,0.952,3.360,2.024,1475,1901,1192,1491,1378,54.6,51.0,39.5,1.500,1.455,1.815,1.815,1.005,5.110,0.375,No,No,No,41.0,1.515,1.455,1.815,1.815,1.005,5.110,0.625,No,No,No,53,53,53,95.0,100.0,No,No,50644,75673,38,97.0,100.0,No,No,32331,69813,0.0,0.1,0.2,0.008,0.170,9789,3675,0.0,0.0,0.0,0.000,0.000,0,0,46.8,56.0,0.995,8.422,12.167,12.125,0.975,0,0,0,69.616,21.225,5.694,63.778,43.066,26.710,16.356,26.383,13.007,5.005,8.002,4.251,300.000,350.000,2722.0,1750.1,2220.0,2723.4,2317.0,15.0,2.0,0.0,23.0,5.0,2.9,14.7,0.0,0.0,0.0,0.0,0,0,0,Yes,No,No,Yes,No,No,No,23.1,23.2,0,0,0,0,0,0,0,0,0,8,0,0,0,0,0,0,0,0,0,0,0,0,0,0,0,0,0,0,0,0,15483,820,519,45,32.0,45.2,46.2,3.312,5.062,12.031,115.000,0,1.625,4.312,11.750,5.383,21.832,141.367,168.582,176.000,187.386,90.0,0,0,0,0.0,353.8,406.6,322.2,68.6,130.7,50.4,353.8,540.8,269.4,86.2,135.4,67.8,2.83,3.07,2.47,1.50,7.63,19.85,0.29,0.10,2.72,0.11,0.49,41,50,4.4,255.5,0,
25.4.2026,10:38:47.301,12410,23972,34.1,9047,23367,27.9,0.0,3968,0,1.145,1.145,1.145,1.145,1.145,1.145,1.145,1.145,1.145,4940.7,5205.0,4676.4,4676.4,5205.0,5205.0,5205.0,4676.4,4676.4,100.0,520.3,373.3,230.3,739.4,288.6,1004.1,1152.6,1425.7,783.0,316.6,879.5,398.5,452.2,40.0,78.3,90.1,72.9,520.3,9.3,2.2,4.0,14.9,5.5,17.3,20.5,26.0,13.3,4.8,17.0,7.9,8.8,1.2,2.0,2.1,1.8,26.0,9.3,10.3,2.8,4.5,15.3,5.8,20.3,23.6,29.3,15.8,6.1,18.1,8.1,9.2,0.8,1.6,1.7,1.4,10.3,49.4,52.0,46.8,46.8,52.0,52.0,52.0,46.8,46.8,0.0,18.7,7.8,20.9,36.4,38.4,23.4,17.1,2.3,3.3,61.6,92.2,79.1,63.6,61.6,76.6,82.9,10.0,26.8,19.7,0.0,0.0,0.0,0.0,0.0,0.0,87.7,69.8,3000.0,30.00,30,38,38,32,38,490,1,55.9,50.3,41.5,39.2,39.6,39.7,41.4,40.7,40.5,38.3,37.5,35.6,39.0,39.0,50.0,44.6,46.2,46.2,49.0,1.147,1.240,1.100,16.164,14.077,16.179,44.000,7.281,51.026,1.500,1.175,1.851,2.223,2.576,2.016,1.645,0.210,0.301,18.544,17.456,44.008,50.947,2000.0,3000.0,5226.6,5226.6,5224.6,5.1,1.6,4.4,5.1,55.9,No,No,No,0.322,0.213,1.5,29,55,44,24,55,1.163,5.080,3.360,3.328,12.000,1.146,1.288,3.360,3.296,3.328,1.056,1.056,1.837,1.527,1.814,0.952,3.360,2.032,1384,1788,1132,1403,1314,54.6,51.0,39.5,1.500,1.455,1.815,1.815,1.005,5.110,0.375,No,No,No,40.8,1.500,1.455,1.815,1.815,1.005,5.110,0.375,No,No,No,53,53,53,95.0,100.0,No,No,50644,75673,38,97.0,100.0,No,No,32331,69813,0.0,0.1,0.1,0.040,0.061,9789,3675,0.0,0.0,0.0,0.000,0.000,0,0,46.8,56.0,0.995,8.430,12.179,12.136,0.975,0,0,0,69.512,21.337,5.712,64.186,43.331,26.865,16.466,26.538,13.011,5.002,8.009,4.251,300.000,350.000,2722.0,1750.1,2220.0,2725.0,2317.0,15.0,2.0,0.0,23.0,5.0,3.0,15.0,0.0,0.0,0.0,0.0,0,0,0,Yes,No,No,Yes,No,No,No,23.3,23.2,0,0,0,0,0,0,0,0,0,8,0,0,0,0,0,0,0,0,0,0,0,0,0,0,0,0,0,0,0,0,15490,813,512,45,32.0,45.2,46.2,3.312,5.062,12.031,115.000,0,1.625,4.312,11.250,5.176,21.832,135.352,162.359,164.000,180.968,89.7,0,0,0,0.0,360.0,382.2,335.9,330.1,332.5,329.4,360.0,601.5,256.6,253.5,255.1,252.7,2.78,2.99,2.58,2.52,3.03,3.07,0.31,0.08,2.68,0.09,0.47,41,50,1.6,0.1,0,
25.4.2026,10:38:49.304,12271,24111,33.7,8888,23526,27.4,0.0,3968,0,1.145,1.145,1.145,1.145,1.145,1.145,1.145,1.145,1.145,5072.8,5205.0,5205.0,5205.0,5205.0,5205.0,5205.0,4676.4,4676.4,100.0,603.4,469.9,291.5,762.2,349.1,1623.3,864.4,1507.9,910.6,549.8,849.5,490.0,542.3,58.6,124.5,123.4,136.6,603.4,10.4,3.3,5.3,14.6,6.1,29.3,14.7,27.1,15.8,8.9,15.5,9.0,9.8,0.0,2.3,2.2,2.5,29.3,10.4,11.9,3.7,5.8,15.8,7.0,33.6,17.4,31.2,18.5,10.8,17.4,10.0,11.0,1.2,2.6,2.4,2.7,11.9,50.7,52.0,52.0,52.0,52.0,52.0,52.0,46.8,46.8,0.0,21.4,9.6,22.2,42.2,42.0,26.2,20.1,3.5,5.2,60.5,90.4,77.8,57.8,58.0,73.8,79.9,13.9,32.8,18.1,0.0,0.0,0.0,0.0,0.0,0.0,82.6,62.0,3000.0,30.00,30,38,38,32,38,490,1,54.5,50.3,43.9,39.7,40.1,40.2,42.4,41.3,41.1,39.0,37.8,36.0,39.2,39.2,50.0,44.7,46.2,46.2,49.0,1.153,1.240,1.100,18.007,14.140,18.001,75.500,7.290,53.307,1.736,1.356,2.010,2.679,2.844,2.216,1.910,0.340,0.534,20.829,17.533,46.381,53.318,2000.0,3000.0,5239.0,5239.0,5236.6,5.3,1.8,7.5,5.3,55.9,No,No,No,0.622,0.416,1.7,29,54,43,24,54,1.163,5.080,3.360,3.328,12.096,1.146,1.288,3.360,3.296,3.328,1.056,1.056,1.822,1.527,1.814,0.944,3.360,2.032,1301,1702,1083,1318,1246,54.6,51.0,39.5,1.500,1.455,1.815,1.815,1.005,5.110,0.625,No,No,No,40.8,1.500,1.455,1.800,1.815,1.005,5.110,0.500,No,No,No,53,53,53,95.0,100.0,No,No,50644,75673,38,97.0,100.0,No,No,32331,69813,1.1,0.0,1.1,0.670,0.000,9790,3675,0.0,0.0,0.0,0.000,0.000,0,0,46.8,56.0,0.995,8.420,12.166,12.119,0.975,0,0,0,69.447,21.291,5.694,64.014,43.214,26.793,16.421,26.466,13.024,5.085,7.939,4.257,300.000,350.000,2722.0,1750.1,2220.0,2725.3,2317.0,15.0,2.0,0.0,23.0,5.0,3.0,15.0,0.0,0.0,0.0,0.0,0,0,0,Yes,No,No,Yes,No,No,No,23.2,23.2,0,0,0,0,0,0,0,0,0,8,0,0,0,0,0,0,0,0,0,0,0,0,0,0,0,0,0,0,0,0,15490,813,512,45,32.0,45.2,46.2,3.312,5.062,12.031,115.000,0,1.625,4.312,12.500,5.383,21.832,150.391,177.605,182.000,196.704,90.3,0,0,0,0.0,360.0,385.2,334.1,329.1,331.5,327.5,360.0,684.5,244.5,243.7,244.0,243.7,2.78,2.97,2.61,2.54,2.98,2.99,0.30,0.07,2.68,0.10,0.54,41,50,0.6,10.5,0,
25.4.2026,10:38:51.306,12124,24258,33.3,8731,23683,26.9,0.0,3968,0,1.145,1.145,1.145,1.145,1.145,1.145,1.145,1.145,1.145,5072.8,5205.0,5205.0,5205.0,5205.0,5205.0,5205.0,4676.4,4676.4,100.0,556.3,406.5,171.6,758.2,294.6,1510.3,1032.6,1493.1,680.0,530.3,751.1,663.8,308.4,42.8,87.2,85.1,84.5,556.3,9.8,4.3,2.8,14.6,5.0,27.5,18.1,26.9,11.5,8.7,13.7,12.3,5.2,2.2,1.5,1.3,1.3,27.5,9.8,11.1,4.8,3.3,15.7,5.9,31.2,21.1,30.7,13.6,10.5,15.3,13.7,6.1,0.8,1.8,1.6,1.6,11.1,50.7,52.0,52.0,52.0,52.0,52.0,52.0,46.8,46.8,0.0,20.3,8.5,21.3,44.0,38.4,24.7,19.2,2.5,3.6,60.8,91.5,78.7,56.0,61.6,75.3,80.8,6.6,36.1,18.9,0.0,0.0,0.0,0.0,0.0,0.0,90.9,60.3,3000.0,30.00,30,38,38,32,38,490,1,53.4,50.3,43.5,39.3,39.7,39.8,42.0,40.7,40.5,38.7,37.4,35.8,39.0,39.0,50.2,44.8,46.2,46.2,49.0,1.150,1.240,1.100,16.819,14.118,16.825,55.500,7.282,51.849,1.587,1.242,1.878,2.545,2.571,2.056,1.809,0.184,0.412,19.362,17.506,44.878,51.820,2000.0,3000.0,5234.5,5234.5,5231.0,5.2,1.7,5.5,5.2,55.9,No,No,No,0.500,0.399,1.6,29,53,42,24,53,1.154,5.040,3.344,3.328,12.000,1.146,1.288,3.360,3.296,3.328,1.056,1.056,1.822,1.527,1.814,0.944,3.360,2.032,1259,1689,1029,1269,1208,54.6,51.0,39.5,1.500,1.455,1.815,1.815,1.005,5.110,0.500,No,No,No,40.8,1.500,1.455,1.815,1.815,1.005,5.110,0.500,No,No,No,53,53,53,95.0,100.0,No,No,50644,75673,38,97.0,100.0,No,No,32331,69813,0.2,0.2,0.4,0.333,0.253,9791,3676,0.0,0.0,0.0,0.000,0.000,0,0,46.8,56.0,0.995,8.421,12.167,12.122,0.975,0,0,0,69.469,21.272,5.706,63.882,43.137,26.750,16.387,26.423,13.087,5.137,7.950,4.262,300.000,350.000,2722.0,1750.1,2220.0,2726.3,2317.0,15.0,2.0,0.0,22.0,5.0,3.0,15.0,0.0,0.0,0.0,0.0,0,0,0,Yes,No,No,Yes,No,No,No,23.2,23.2,0,0,0,0,0,0,0,0,0,8,0,0,0,0,0,0,0,0,0,0,0,0,0,0,0,0,0,0,0,0,15490,813,513,45,32.0,45.2,46.2,3.312,5.062,12.031,115.000,0,1.625,4.312,12.250,5.383,21.832,147.383,174.598,184.000,193.597,90.2,0,0,0,0.0,360.0,395.1,333.3,317.1,321.8,316.0,360.1,378.7,343.9,333.1,338.9,329.7,2.78,3.03,2.52,2.41,3.13,3.20,0.30,0.08,2.68,0.09,0.08,41,50,0.3,2.5,0,
25.4.2026,10:38:53.300,12121,24261,33.3,8728,23686,26.9,0.0,3968,0,1.141,1.145,1.140,1.140,1.140,1.140,1.140,1.140,1.140,5072.8,4676.4,5205.0,5205.0,5205.0,5205.0,5205.0,4676.4,5205.0,100.0,494.2,329.8,74.2,651.8,282.7,1401.5,729.6,1705.3,576.9,313.8,764.3,725.2,98.7,47.9,74.4,82.4,48.3,494.2,8.5,4.4,0.7,12.4,4.6,25.1,12.0,31.0,8.7,5.1,14.6,13.9,1.2,0.0,0.3,1.1,0.4,31.0,8.5,10.0,5.1,1.3,13.5,5.6,28.8,14.6,35.3,11.2,6.2,15.8,15.1,1.8,1.0,1.5,1.6,0.9,10.0,50.7,46.8,52.0,52.0,52.0,52.0,52.0,46.8,52.0,0.0,18.3,6.9,19.2,37.0,39.5,21.8,16.9,2.3,2.8,60.7,93.1,80.8,63.0,60.5,78.2,83.1,5.4,21.2,21.0,0.0,0.0,0.0,0.0,0.0,0.0,92.3,76.0,3000.0,30.00,30,38,38,32,38,490,1,52.6,50.2,43.5,38.7,39.2,39.2,41.1,40.2,40.0,37.8,37.1,35.1,38.7,38.7,50.5,44.8,46.2,46.2,49.0,1.141,1.240,1.100,15.587,14.041,15.582,46.000,7.281,50.066,1.429,1.106,1.698,2.230,2.533,1.875,1.582,0.178,0.226,17.756,17.411,43.176,50.081,2000.0,3000.0,5215.2,5215.2,5209.9,5.0,1.6,4.6,5.0,55.8,No,No,No,0.239,0.178,1.5,29,52,41,24,52,1.279,5.040,3.360,3.328,12.000,1.146,1.288,3.360,3.296,3.328,1.056,1.056,1.822,1.527,1.814,0.944,3.360,2.024,1220,1654,1009,1240,1139,54.6,51.0,39.5,1.500,1.455,1.815,1.815,1.005,5.110,0.500,No,No,No,40.8,1.500,1.455,1.815,1.815,1.005,5.110,0.500,No,No,No,53,53,53,95.0,100.0,No,No,50644,75673,38,97.0,100.0,No,No,32331,69813,0.1,0.0,0.1,0.065,0.000,9791,3676,0.0,0.0,0.0,0.000,0.000,0,0,46.9,56.0,0.995,8.423,12.170,12.125,0.975,0,0,0,68.917,21.325,5.684,64.031,43.221,26.801,16.420,26.485,13.175,5.146,8.029,4.257,300.000,350.000,2722.0,1750.1,2220.0,2725.9,2317.0,15.0,2.0,0.0,23.0,5.0,2.9,14.6,0.0,0.0,0.0,0.0,0,0,0,Yes,No,No,Yes,No,No,No,23.2,23.5,0,0,0,0,0,0,0,0,0,8,0,0,0,0,0,0,0,0,0,0,0,0,0,0,0,0,0,0,0,0,15490,813,512,44,32.0,45.2,46.2,3.312,5.062,12.031,115.000,0,1.625,4.312,12.250,5.383,21.832,147.383,174.598,166.000,193.597,90.2,0,0,0,0.0,359.9,382.7,338.3,330.7,334.0,329.2,359.9,407.0,322.2,316.4,319.5,314.3,2.78,2.97,2.58,2.48,3.02,3.07,0.29,0.06,2.67,0.10,0.15,41,50,0.0,0.0,0,
25.4.2026,10:38:55.291,12125,24257,33.3,8738,23676,26.9,0.0,3968,0,1.144,1.155,1.135,1.135,1.145,1.145,1.145,1.145,1.145,5074.5,4689.8,5205.0,5205.0,5205.0,4676.4,5205.0,5205.0,5205.0,100.0,668.0,574.1,217.7,829.8,441.5,1580.4,1263.5,1310.6,1578.4,559.0,814.1,606.7,389.0,111.5,129.8,168.6,113.6,668.0,11.9,6.9,3.7,15.8,7.9,28.2,22.1,22.7,28.2,9.9,15.6,11.7,7.2,2.2,2.6,3.2,2.2,28.2,11.9,13.4,7.5,4.1,17.2,9.0,32.7,26.1,26.8,32.7,11.4,16.8,12.5,7.9,2.3,2.7,3.3,2.2,13.4,50.7,46.9,52.0,52.0,52.0,46.8,52.0,52.0,52.0,0.0,23.3,11.3,24.3,47.0,48.0,26.4,19.6,4.2,5.6,58.9,87.4,75.7,53.0,52.0,73.6,80.1,15.9,33.3,17.8,1.2,0.0,0.0,0.0,0.0,0.3,79.9,61.1,3000.0,30.00,30,38,38,32,38,490,1,52.9,50.8,42.4,41.5,41.8,42.1,45.0,44.1,42.9,40.5,38.7,37.0,40.5,40.5,50.5,44.9,46.3,46.3,49.0,1.227,1.240,1.100,22.165,14.287,22.169,80.500,7.300,60.220,2.299,1.868,2.641,3.691,3.857,2.796,2.343,0.487,0.712,27.300,17.712,53.043,60.234,2000.0,3000.0,5389.8,5389.8,5410.1,6.0,2.2,8.0,6.0,56.5,No,No,No,2.336,4.011,1.9,29,52,41,24,52,1.154,5.040,3.360,3.328,12.000,1.146,1.288,3.360,3.296,3.328,1.056,1.056,1.822,1.536,1.814,0.944,3.360,2.024,1204,1630,1014,1225,1158,54.6,51.0,39.5,1.500,1.455,1.815,1.815,1.005,5.110,0.500,No,No,No,40.8,1.500,1.455,1.815,1.815,1.005,5.110,0.375,No,No,No,53,53,53,95.0,100.0,No,No,50644,75673,38,97.0,100.0,No,No,32331,69813,0.0,0.1,0.1,0.040,0.175,9791,3676,0.0,0.0,0.0,0.000,0.000,0,0,46.8,56.0,1.000,8.422,12.168,12.122,0.975,0,0,0,69.946,21.366,5.707,64.271,43.389,26.901,16.488,26.574,13.038,5.151,7.887,4.257,300.000,350.000,2730.0,1750.1,2220.0,2727.2,2317.0,15.0,2.0,0.0,23.0,5.0,2.9,14.7,0.0,0.0,0.0,0.0,0,0,0,Yes,No,No,Yes,No,No,No,23.3,23.3,0,0,0,0,0,0,0,0,0,8,0,0,0,0,0,0,0,0,0,0,0,0,0,0,0,0,0,0,0,0,15490,813,512,44,32.0,45.2,46.2,3.312,5.062,12.031,115.000,0,1.625,4.312,12.750,5.383,21.832,153.398,180.613,166.000,199.813,90.4,0,0,0,0.0,354.9,391.8,331.5,74.7,143.2,53.2,353.8,442.8,299.1,90.8,141.1,72.1,2.82,3.05,2.54,1.23,6.99,18.78,0.33,1.54,2.71,0.11,0.33,41,50,0.0,0.0,0,
25.4.2026,10:38:57.302,12283,24099,33.7,8820,23594,27.2,0.0,3968,0,1.266,1.265,1.275,1.265,1.265,1.265,1.265,1.265,1.265,5425.0,5425.0,5425.0,5425.0,5425.0,5425.0,5425.0,5425.0,5425.0,100.0,798.9,732.5,383.4,1040.1,538.7,1728.7,1067.5,1447.3,1488.2,661.5,1025.6,864.3,502.2,335.3,254.3,450.7,261.5,798.9,13.9,8.7,6.2,19.3,9.1,30.7,18.3,25.0,26.4,11.2,19.1,16.0,8.7,6.5,5.0,7.8,4.2,30.7,13.9,16.2,10.3,7.7,21.7,11.0,35.6,21.9,29.8,30.8,13.5,21.3,18.1,10.3,7.0,5.2,9.3,5.4,16.2,54.2,54.2,54.2,54.2,54.2,54.2,54.2,54.2,54.2,0.0,25.1,14.4,26.7,43.1,45.4,28.5,23.3,8.4,11.1,61.3,85.6,73.3,56.9,54.6,71.5,76.7,13.8,57.8,13.6,0.0,0.0,0.0,0.0,0.0,0.0,77.8,31.1,3000.0,30.00,30,38,38,32,38,490,1,56.0,51.7,61.5,41.0,41.2,41.4,43.6,42.8,42.2,40.0,38.9,37.6,39.6,39.6,50.2,44.8,46.2,46.2,49.0,1.156,1.240,1.100,21.256,14.099,21.194,97.500,7.310,57.123,2.186,1.753,2.440,3.086,3.335,2.581,2.214,0.823,1.253,25.070,17.482,50.593,57.458,2000.0,3000.0,5237.5,5237.5,5233.5,5.7,2.1,9.7,5.7,57.4,No,No,No,0.656,0.515,2.0,29,57,45,24,57,1.270,5.040,3.360,3.328,12.000,1.146,1.288,3.360,3.296,3.328,1.056,1.056,1.822,1.536,1.814,0.944,3.360,2.032,1256,1689,1013,1204,1155,54.6,51.0,39.5,1.500,1.455,1.815,1.815,1.005,5.110,0.500,No,No,No,40.8,1.500,1.455,1.815,1.815,1.005,5.110,0.500,No,No,No,53,53,53,95.0,100.0,No,No,50644,75673,37,97.0,100.0,No,No,32331,69813,0.0,0.0,0.0,0.000,0.004,9791,3676,0.0,0.0,0.0,0.000,0.000,0,0,46.9,56.0,1.000,8.422,12.174,12.134,0.975,0,0,0,70.007,21.366,5.746,64.516,43.566,27.013,16.553,26.686,13.318,5.202,8.116,4.269,300.000,350.000,2730.0,1750.1,2220.0,2734.9,2317.0,15.0,2.0,0.0,23.0,5.0,2.9,15.0,0.0,0.0,0.0,0.0,0,0,0,Yes,No,No,Yes,No,No,No,23.3,23.3,0,0,0,0,0,0,0,0,0,8,0,0,0,0,0,0,0,0,0,0,0,0,0,0,0,0,0,0,0,0,15490,813,512,44,32.0,45.2,46.2,3.312,5.062,12.031,115.000,0,1.625,4.312,11.000,5.383,21.832,132.344,159.559,164.000,178.081,89.6,0,0,0,0.0,360.0,392.3,332.9,328.7,329.7,328.5,360.0,483.3,286.8,282.0,284.7,280.0,2.78,3.00,2.56,2.52,3.08,3.19,0.35,2.06,2.68,0.10,0.32,41,50,5.9,4.8,0,
25.4.2026,10:38:59.305,12159,24223,33.4,8760,23654,27.0,0.0,3968,0,1.145,1.145,1.145,1.145,1.145,1.145,1.145,1.145,1.145,5072.8,4676.4,5205.0,5205.0,5205.0,5205.0,5205.0,4676.4,5205.0,100.0,769.1,762.6,303.6,1037.4,398.0,1948.0,1006.1,1647.3,1390.0,803.7,863.5,724.1,423.7,227.5,186.5,312.4,272.0,769.1,13.3,8.9,5.2,19.4,6.8,35.1,16.9,28.6,24.2,14.0,16.0,12.9,7.7,4.1,2.8,5.7,4.9,35.1,13.3,15.4,10.0,5.9,21.6,7.9,40.9,20.3,34.0,28.5,16.6,17.7,14.9,8.6,4.6,3.8,6.3,5.5,15.4,50.7,46.8,52.0,52.0,52.0,52.0,52.0,46.8,52.0,0.0,26.2,14.9,26.9,47.9,49.3,30.7,21.7,7.4,10.9,63.7,85.1,73.1,52.1,50.7,69.3,78.3,32.3,68.4,10.1,0.0,0.0,0.0,0.0,0.0,0.0,60.4,20.6,3000.0,30.00,30,38,38,32,38,490,1,56.6,52.7,43.5,43.6,43.6,43.8,47.4,46.1,45.1,42.4,41.0,39.7,41.9,41.9,50.0,44.9,46.3,46.3,49.0,1.225,1.240,1.100,25.000,14.160,25.057,83.500,7.317,63.979,2.714,2.147,2.927,4.075,4.203,3.142,2.550,1.061,1.610,31.007,17.558,56.613,63.649,2000.0,3000.0,5367.2,5367.2,5386.4,6.4,2.5,8.3,6.4,58.5,No,No,No,0.685,0.675,2.1,29,55,45,24,55,1.163,5.040,3.360,3.328,12.000,1.146,1.279,3.344,3.296,3.328,1.056,1.056,1.822,1.527,1.814,0.944,3.360,2.032,1397,1877,1092,1415,1271,54.6,51.0,39.5,1.500,1.455,1.815,1.815,1.005,5.110,0.625,No,No,No,40.8,1.515,1.455,1.815,1.815,1.005,5.110,0.500,No,No,No,53,53,53,95.0,100.0,No,No,50644,75673,38,97.0,100.0,No,No,32331,69813,0.1,0.3,0.3,0.073,0.439,9791,3677,0.0,0.0,0.0,0.000,0.000,0,0,46.9,56.0,1.000,8.428,12.164,12.118,0.975,0,0,0,69.986,21.499,5.681,64.236,43.355,26.883,16.472,26.556,13.083,5.121,7.962,4.275,300.000,350.000,2730.0,1750.1,2220.0,2732.6,2317.0,15.0,2.0,0.0,23.0,5.0,3.0,15.1,0.0,0.0,0.0,0.0,0,0,0,Yes,No,No,Yes,No,No,No,23.3,23.7,0,0,0,0,0,0,0,0,0,8,0,0,0,0,0,0,0,0,0,0,0,0,0,0,0,0,0,0,0,0,15490,813,512,43,32.0,45.2,46.2,3.312,5.062,12.031,115.000,0,1.625,4.312,12.000,5.383,21.832,144.375,171.590,172.000,190.491,90.1,0,0,0,0.0,360.0,390.3,337.8,335.4,336.3,334.9,359.7,534.2,270.8,266.7,268.8,265.8,2.78,2.97,2.56,2.51,3.00,3.07,0.36,2.09,2.68,0.10,0.39,41,50,5.6,203.0,0,
25.4.2026,10:39:1.293,12157,24225,33.4,8760,23654,27.0,0.0,3968,0,1.145,1.145,1.145,1.145,1.145,1.145,1.145,1.145,1.145,5138.9,5205.0,5205.0,5205.0,5205.0,5205.0,5205.0,4676.4,5205.0,100.0,504.1,419.4,146.7,664.6,265.2,1428.6,664.2,990.7,1311.4,320.4,735.5,562.3,224.7,60.2,92.3,118.7,60.9,504.1,8.9,5.0,2.2,12.9,4.4,25.7,11.0,16.8,23.7,5.5,14.4,11.6,3.9,0.8,1.6,1.8,0.8,25.7,8.9,10.1,5.6,2.7,13.7,5.3,29.3,13.2,20.0,27.0,6.4,15.3,11.7,4.5,1.1,1.9,2.2,1.1,10.1,51.4,52.0,52.0,52.0,52.0,52.0,52.0,46.8,52.0,0.0,18.3,8.8,19.0,35.6,38.9,21.5,16.2,2.8,3.7,67.0,91.2,81.0,64.4,61.1,78.5,83.8,8.7,67.1,14.7,0.0,0.0,0.0,0.0,0.0,0.0,88.4,29.2,3000.0,30.00,30,38,38,32,38,490,1,55.0,50.3,41.5,38.9,39.4,39.2,41.1,40.3,40.0,38.0,37.4,35.9,38.8,38.8,50.0,44.8,46.2,46.2,49.0,1.141,1.240,1.100,15.911,14.045,15.918,46.000,7.287,50.494,1.472,1.180,1.688,2.163,2.494,1.850,1.538,0.214,0.651,18.129,17.416,43.560,50.479,2000.0,3000.0,5212.0,5212.0,5209.9,5.0,1.6,4.6,5.0,55.9,No,No,No,0.242,0.173,1.5,29,54,43,24,54,1.154,5.080,3.360,3.328,12.000,1.146,1.279,3.344,3.296,3.328,1.056,1.056,1.822,1.527,1.814,0.944,3.360,2.032,1397,1877,1092,1415,1271,54.6,51.0,39.5,1.500,1.455,1.815,1.815,1.005,5.110,0.625,No,No,No,40.8,1.500,1.455,1.815,1.815,1.005,5.110,0.625,No,No,No,53,53,53,95.0,100.0,No,No,50644,75673,38,97.0,100.0,No,No,32331,69813,0.0,0.1,0.1,0.000,0.118,9791,3677,0.0,0.0,0.0,0.000,0.000,0,0,46.9,56.0,1.000,8.419,12.164,12.118,0.975,0,0,0,69.986,21.362,5.681,64.236,43.355,26.883,16.472,26.556,13.083,5.121,7.962,4.275,300.000,350.000,2730.0,1750.1,2220.0,2732.6,2317.0,15.0,2.0,0.0,23.0,5.0,3.0,15.1,0.0,0.0,0.0,0.0,0,0,0,Yes,No,No,Yes,No,No,No,23.3,23.5,0,0,0,0,0,0,0,0,0,8,0,0,0,0,0,0,0,0,0,0,0,0,0,0,0,0,0,0,0,0,15493,810,509,43,32.0,45.2,46.2,3.312,5.062,12.031,115.000,0,1.625,4.312,11.500,5.383,21.832,138.359,165.574,158.000,184.283,89.8,0,0,0,0.0,360.0,386.7,335.9,307.3,319.9,303.9,360.4,602.8,257.6,256.3,257.0,256.0,2.78,2.98,2.56,2.43,3.11,3.29,0.35,2.09,2.68,0.10,0.48,41,50,2.0,0.3,0,
25.4.2026,10:39:3.302,12141,24241,33.3,8754,23660,27.0,0.0,3968,0,1.145,1.145,1.145,1.145,1.145,1.145,1.145,1.145,1.145,4874.6,5205.0,4676.4,5205.0,5205.0,4676.4,4676.4,4676.4,4676.4,100.0,503.3,429.5,204.2,632.1,273.4,1287.2,754.1,908.2,1417.1,233.6,807.6,424.0,398.0,39.5,52.8,104.5,86.8,503.3,8.7,3.9,3.2,12.1,4.4,23.2,12.3,15.5,25.4,3.9,15.5,8.1,7.2,0.4,1.5,1.5,1.2,25.4,8.7,10.0,4.6,3.9,13.1,5.4,26.5,14.9,18.4,29.1,4.7,16.7,8.8,8.1,0.8,1.1,2.0,1.7,10.0,48.7,52.0,46.8,52.0,52.0,46.8,46.8,46.8,46.8,0.0,18.3,9.0,18.7,34.9,39.4,21.3,17.1,1.9,4.0,65.3,91.0,81.3,65.1,60.6,78.7,82.9,7.4,55.6,16.4,0.0,0.0,0.0,0.0,0.0,0.0,90.7,40.4,3000.0,30.00,30,38,38,32,38,490,1,53.8,50.2,42.4,38.7,39.3,39.0,40.8,40.1,39.8,37.9,37.0,35.6,38.7,38.7,50.5,44.7,46.2,46.2,49.0,1.140,1.240,1.100,15.721,14.045,15.716,46.000,7.294,50.198,1.436,1.170,1.640,2.112,2.488,1.825,1.563,0.135,0.555,17.881,17.416,43.320,50.221,2000.0,3000.0,5207.5,5207.5,5209.9,5.0,1.6,4.6,5.0,55.7,No,No,No,0.208,0.161,1.5,29,53,42,24,54,1.154,5.080,3.360,3.328,12.000,1.146,1.279,3.344,3.296,3.328,1.056,1.056,1.822,1.536,1.814,0.944,3.360,2.024,1344,1744,1111,1394,1255,54.6,51.0,39.5,1.500,1.455,1.800,1.815,1.005,5.110,0.375,No,No,No,40.8,1.500,1.455,1.815,1.815,1.005,5.110,0.500,No,No,No,53,53,53,95.0,100.0,No,No,50644,75673,38,97.0,100.0,No,No,32331,69813,0.0,0.1,0.1,0.000,0.018,9791,3677,0.0,0.0,0.0,0.000,0.000,0,0,46.9,56.0,1.000,8.425,12.173,12.126,0.975,0,0,0,69.904,21.402,5.697,64.464,43.504,26.973,16.531,26.646,12.966,5.053,7.913,4.269,300.000,350.000,2730.0,1750.1,2220.0,2732.5,2317.0,15.0,2.0,0.0,23.0,5.0,3.0,15.1,0.0,0.0,0.0,0.0,0,0,0,Yes,No,No,Yes,No,No,No,23.4,23.8,0,0,0,0,0,0,0,0,0,8,0,0,0,0,0,0,0,0,0,0,0,0,0,0,0,0,0,0,0,0,15493,810,509,44,32.0,45.2,46.2,3.312,5.062,12.031,115.000,0,1.625,4.312,11.000,5.383,21.832,132.344,159.559,160.000,178.081,89.6,0,0,0,0.0,360.0,389.4,334.4,330.4,332.3,329.3,360.0,676.9,245.1,244.7,244.9,244.6,2.78,2.98,2.56,2.45,3.04,3.20,0.35,2.07,2.68,0.10,0.56,41,50,0.6,0.1,0,
25.4.2026,10:39:5.304,12250,24132,33.6,8860,23554,27.3,0.0,3968,0,1.141,1.145,1.140,1.140,1.140,1.140,1.140,1.140,1.140,5205.0,5205.0,5205.0,5205.0,5205.0,5205.0,5205.0,5205.0,5205.0,100.0,616.4,485.8,196.3,725.1,367.2,1189.8,1455.3,978.3,1869.7,710.0,598.4,474.9,431.2,71.9,70.5,125.8,111.4,616.4,11.2,6.0,3.7,14.0,6.8,21.7,26.0,17.1,33.6,13.5,11.2,9.5,8.2,1.6,1.7,2.7,2.3,33.6,11.2,12.4,6.2,3.8,14.9,7.4,24.5,30.1,19.9,38.8,14.6,12.1,9.8,8.7,1.3,1.4,2.5,2.2,12.4,52.1,52.0,52.0,52.0,52.0,52.0,52.0,52.0,52.0,0.0,21.9,10.0,21.6,45.1,47.9,25.1,18.1,2.7,4.9,60.9,85.6,78.4,54.9,52.1,74.9,81.8,20.5,39.0,17.2,4.4,0.0,0.0,0.0,0.0,0.0,76.8,56.1,3000.0,30.00,30,38,38,32,38,490,1,52.9,50.4,42.4,40.7,41.0,41.0,43.9,43.0,42.0,39.8,38.3,36.6,40.0,40.0,50.2,44.7,46.3,46.3,49.0,1.205,1.240,1.100,20.359,14.267,20.357,55.500,7.295,57.512,2.052,1.574,2.267,3.298,3.566,2.507,2.090,0.438,0.672,24.629,17.687,50.341,57.506,2000.0,3000.0,5339.6,5339.6,5362.0,5.8,2.0,5.5,5.8,56.0,No,No,No,2.113,3.967,1.8,29,53,42,24,53,1.146,5.040,3.344,3.328,12.000,1.146,1.288,3.360,3.296,3.328,1.056,1.056,1.822,1.527,1.814,0.944,3.360,2.024,1266,1677,1068,1296,1193,54.6,51.0,39.5,1.500,1.455,1.815,1.815,1.005,5.110,0.500,No,No,No,40.8,1.500,1.455,1.815,1.815,1.005,5.110,0.625,No,No,No,53,53,53,95.0,100.0,No,No,50644,75673,38,97.0,100.0,No,No,32331,69813,0.0,0.1,0.1,0.008,0.140,9791,3677,0.0,0.0,0.0,0.000,0.000,0,0,46.9,56.0,0.995,8.425,12.173,12.128,0.975,0,0,0,69.235,21.258,5.697,63.913,43.155,26.757,16.398,26.442,12.978,5.023,7.955,4.262,300.000,350.000,2722.0,1750.1,2220.0,2733.2,2317.0,15.0,2.0,0.0,23.0,5.0,2.9,14.7,0.0,0.0,0.0,0.0,0,0,0,Yes,No,No,Yes,No,No,No,23.3,24.4,0,0,0,0,0,0,0,0,0,8,0,0,0,0,0,0,0,0,0,0,0,0,0,0,0,0,0,0,0,0,15491,812,512,44,32.0,45.2,46.2,3.312,5.062,12.031,115.000,0,1.625,4.312,11.500,5.383,21.832,138.359,165.574,166.000,184.283,89.8,0,0,0,0.0,354.8,398.1,329.6,74.6,142.4,53.4,353.8,374.7,344.6,77.7,141.9,60.2,2.82,3.05,2.51,1.22,7.07,18.75,0.32,1.54,2.72,0.10,0.20,41,50,2.8,8.4,0,
25.4.2026,10:39:7.305,12248,24134,33.6,8858,23556,27.3,0.0,3968,0,1.141,1.145,1.140,1.140,1.140,1.140,1.140,1.140,1.145,5006.8,4676.4,5205.0,5205.0,5205.0,5205.0,5205.0,4676.4,4676.4,100.0,502.1,393.9,162.3,590.6,284.0,1293.7,804.8,978.1,1384.6,840.1,161.7,433.9,384.5,49.3,72.5,108.0,90.7,502.1,8.8,4.2,2.5,11.5,4.9,23.6,13.3,17.0,24.9,16.4,2.6,8.6,7.0,0.0,0.5,1.7,1.4,24.9,8.8,10.0,4.7,3.0,12.2,5.6,26.7,16.0,19.9,28.5,17.4,3.2,9.1,7.8,0.9,1.5,2.0,1.7,10.0,50.1,46.8,52.0,52.0,52.0,52.0,52.0,46.8,46.8,0.0,18.3,8.2,18.1,35.9,40.5,20.5,17.0,2.4,4.0,66.3,91.8,81.9,64.1,59.5,79.5,83.0,10.1,60.4,15.4,0.0,0.0,0.0,0.0,0.0,0.0,87.5,35.6,3000.0,30.00,30,38,38,32,38,490,1,52.2,50.2,43.0,38.9,39.4,39.1,41.1,40.4,40.0,38.0,37.4,35.8,38.8,38.8,50.2,44.6,46.2,46.2,49.0,1.141,1.240,1.100,15.808,14.054,15.810,50.500,7.283,50.345,1.462,1.139,1.628,2.151,2.577,1.839,1.567,0.192,0.602,18.006,17.427,43.444,50.356,2000.0,3000.0,5210.8,5210.8,5209.9,5.0,1.6,5.0,5.0,55.8,No,No,No,0.226,0.167,1.5,29,52,41,24,52,1.163,5.040,3.360,3.328,12.000,1.146,1.288,3.360,3.296,3.328,1.056,1.056,1.822,1.527,1.814,0.944,3.360,2.024,1246,1681,1038,1247,1154,54.6,51.0,39.5,1.500,1.455,1.815,1.815,0.990,5.110,0.875,No,No,No,40.8,1.500,1.455,1.815,1.815,1.005,5.110,0.500,No,No,No,53,53,53,95.0,100.0,No,No,50644,75673,38,97.0,100.0,No,No,32331,69813,0.0,0.1,0.1,0.008,0.225,9791,3678,0.0,0.0,0.0,0.000,0.000,0,0,46.9,56.0,1.000,8.424,12.171,12.125,0.975,0,0,0,69.882,21.387,5.696,64.361,43.439,26.934,16.505,26.607,13.024,5.064,7.960,4.275,300.000,350.000,2730.0,1750.1,2220.0,2727.1,2317.0,15.0,2.0,0.0,23.0,5.0,2.9,14.7,0.0,0.0,0.0,0.0,0,0,0,Yes,No,No,Yes,No,No,No,23.4,24.2,0,0,0,0,0,0,0,0,0,8,0,0,0,0,0,0,0,0,0,0,0,0,0,0,0,0,0,0,0,0,15491,812,512,44,32.0,45.2,46.2,3.312,5.062,12.031,115.000,0,1.625,4.312,11.000,5.383,21.832,132.344,159.559,160.000,178.081,89.6,0,0,0,0.0,360.0,383.4,336.8,334.4,335.6,333.5,360.0,404.6,324.8,323.3,324.1,323.1,2.78,2.96,2.60,2.56,2.98,3.02,0.36,2.08,2.68,0.10,0.16,41,50,2.0,31.8,0,
25.4.2026,10:39:9.297,12287,24095,33.7,8906,23508,27.4,0.0,3968,0,1.254,1.245,1.255,1.255,1.255,1.255,1.255,1.255,1.255,5138.9,4662.1,5425.0,5425.0,5425.0,5425.0,5425.0,4662.1,4662.1,100.0,549.2,457.4,214.3,639.3,295.6,1282.2,1076.0,1568.2,934.4,928.4,221.3,455.8,371.9,55.9,51.4,126.6,108.4,549.2,9.7,4.4,3.4,12.3,4.9,23.4,18.4,28.6,15.6,17.9,3.5,8.9,6.6,1.6,1.5,2.0,1.7,28.6,9.7,10.9,4.9,4.1,13.2,5.9,26.5,21.8,32.6,18.8,19.3,4.4,9.5,7.5,1.1,1.0,2.5,2.1,10.9,51.4,46.6,54.2,54.2,54.2,54.2,54.2,46.6,46.6,0.0,19.9,9.6,19.1,40.3,42.8,23.2,17.2,2.2,4.9,66.0,90.4,80.9,59.7,57.2,76.8,82.8,12.2,67.6,14.1,0.0,0.0,0.0,0.0,0.0,0.0,85.6,27.5,3000.0,30.00,30,38,38,32,38,490,1,52.8,50.5,62.5,39.1,39.6,39.3,42.0,40.7,40.2,38.1,37.1,35.9,38.8,38.8,50.0,44.8,46.2,46.2,49.0,1.144,1.240,1.100,16.917,14.074,16.885,52.500,7.292,51.527,1.597,1.229,1.706,2.616,2.756,1.966,1.595,0.178,0.732,19.369,17.452,44.843,51.718,2000.0,3000.0,5219.2,5219.2,5217.1,5.2,1.7,5.2,5.2,56.1,No,No,No,0.353,0.246,1.6,29,52,41,24,52,1.163,5.040,3.344,3.328,12.000,1.146,1.279,3.344,3.296,3.328,1.056,1.056,1.822,1.527,1.814,0.944,3.360,2.024,1201,1630,1015,1214,1165,54.6,51.0,39.5,1.500,1.455,1.815,1.815,0.990,5.110,0.500,No,No,No,40.8,1.500,1.455,1.815,1.815,0.990,5.040,0.500,No,No,No,53,53,53,95.0,100.0,No,No,50644,75673,38,97.0,100.0,No,No,32331,69813,0.0,0.0,0.0,0.049,0.000,9791,3678,0.0,0.0,0.0,0.000,0.000,0,0,47.0,56.0,1.000,8.424,12.172,12.124,0.975,0,0,0,69.930,21.371,5.697,64.197,43.333,26.868,16.465,26.541,13.166,5.106,8.060,4.282,300.000,350.000,2730.0,1750.1,2220.0,2732.9,2317.0,15.0,2.0,0.0,23.0,5.0,3.0,15.0,0.0,0.0,0.0,0.0,0,0,0,Yes,No,No,Yes,No,No,No,23.3,23.2,0,0,0,0,0,0,0,0,0,8,0,0,0,0,0,0,0,0,0,0,0,0,0,0,0,0,0,0,0,0,15491,812,512,44,32.0,45.2,46.2,3.312,5.062,12.031,115.000,0,1.562,4.250,11.000,5.176,21.516,132.344,159.035,164.000,177.542,89.6,0,0,0,0.0,360.0,386.0,336.1,326.2,330.0,325.0,360.0,441.6,304.8,300.5,303.0,298.5,2.78,3.00,2.57,2.56,3.07,3.15,0.35,2.07,2.68,0.10,0.24,41,50,0.7,10.1,0,
25.4.2026,10:39:11.306,12351,24031,33.9,8976,23438,27.6,0.0,3968,0,1.255,1.255,1.255,1.255,1.255,1.255,1.255,1.255,1.255,5234.3,4662.1,5425.0,5425.0,5425.0,5425.0,5425.0,4662.1,5425.0,100.0,920.5,1001.5,582.8,1177.3,358.2,2657.4,1165.6,2464.8,1176.7,1342.4,528.2,654.0,637.4,190.1,195.7,287.8,307.4,920.5,15.5,7.7,10.0,21.6,5.6,47.9,19.5,44.2,19.5,24.3,8.4,11.4,11.2,3.0,3.2,4.7,5.1,47.9,15.5,18.3,9.2,11.8,24.6,7.0,56.0,23.8,51.9,23.9,28.0,10.5,13.4,12.9,3.8,3.9,5.8,6.1,18.3,52.3,46.6,54.2,54.2,54.2,54.2,54.2,46.6,54.2,0.0,31.0,19.4,28.7,62.5,59.5,34.4,24.5,7.3,11.5,62.1,80.6,71.3,37.5,40.5,65.6,75.5,48.6,77.1,6.9,0.0,0.0,0.0,0.0,0.0,0.0,44.1,11.4,3000.0,30.00,30,38,38,32,38,490,1,60.2,56.1,62.0,44.9,44.8,44.5,51.5,49.1,45.8,43.0,40.9,39.7,42.2,42.2,50.2,45.0,46.4,46.4,49.0,1.254,1.240,1.100,29.447,14.194,29.451,74.500,7.324,69.694,3.322,2.599,3.211,5.859,5.524,3.460,2.863,1.219,1.841,37.031,17.600,62.687,69.662,2000.0,3000.0,5438.1,5438.1,5448.4,7.0,2.9,7.4,7.0,62.3,No,No,No,0.867,0.658,2.5,29,53,42,24,53,1.234,5.040,3.344,3.328,12.000,1.146,1.288,3.360,3.296,3.328,1.056,1.056,1.822,1.536,1.814,0.944,3.360,2.032,1173,1612,983,1188,1140,54.6,51.0,39.5,1.500,1.455,1.815,1.815,0.990,5.110,1.125,No,No,No,40.8,1.515,1.455,1.815,1.815,0.990,5.110,0.375,No,No,No,53,53,53,95.0,100.0,No,No,50644,75673,38,97.0,100.0,No,No,32331,69813,0.5,0.2,0.7,0.506,0.245,9792,3678,0.0,0.0,0.0,0.000,0.000,0,0,47.0,56.0,1.000,8.421,12.167,12.121,0.975,0,0,0,69.897,21.350,5.706,64.191,43.340,26.877,16.463,26.549,13.051,5.064,7.987,4.275,300.000,350.000,2730.0,1750.1,2220.0,2733.7,2317.0,15.0,2.0,0.0,23.0,5.0,3.0,15.0,0.0,0.0,0.0,0.0,0,0,0,Yes,No,No,Yes,No,No,No,23.3,23.2,0,0,0,0,0,0,0,0,0,8,0,0,0,0,0,0,0,0,0,0,0,0,0,0,0,0,0,0,0,0,15493,810,509,44,32.0,45.2,46.2,3.312,5.062,12.031,115.000,0,1.625,4.312,12.500,5.383,21.832,150.391,177.605,170.000,196.704,90.3,0,0,0,0.0,360.0,398.3,331.8,317.5,325.1,314.1,360.0,482.7,287.6,286.6,287.1,286.3,2.78,2.99,2.54,2.32,3.09,3.16,0.34,2.07,2.68,0.10,0.31,41,51,3.2,191.7,0,
25.4.2026,10:39:13.305,12346,24036,33.9,8983,23431,27.7,0.0,3968,0,1.255,1.255,1.255,1.255,1.255,1.255,1.255,1.255,1.255,5425.0,5425.0,5425.0,5425.0,5425.0,5425.0,5425.0,5425.0,5425.0,100.0,876.3,834.9,582.3,895.8,209.5,5207.7,381.2,1588.1,1126.6,1066.3,501.2,351.8,548.6,109.1,184.5,174.1,259.6,876.3,15.3,5.4,10.8,17.8,3.1,95.4,6.5,28.2,18.3,19.6,8.7,7.2,9.8,2.3,3.9,2.8,5.0,95.4,15.3,17.4,5.4,11.9,18.6,4.0,110.8,7.5,33.0,22.2,22.0,9.9,7.3,11.1,2.1,3.7,3.4,5.0,17.4,54.2,54.2,54.2,54.2,54.2,54.2,54.2,54.2,54.2,0.0,30.2,17.1,22.1,96.4,43.6,29.8,18.3,5.6,8.9,65.0,82.9,77.9,3.6,56.4,70.2,81.7,56.3,91.1,4.8,0.0,0.0,0.0,0.0,0.0,0.0,38.0,0.0,3000.0,30.00,30,38,38,32,38,490,1,65.9,62.8,57.5,46.0,46.6,43.3,62.6,45.5,46.6,42.0,41.4,39.7,43.1,43.1,50.8,45.1,46.3,46.3,49.0,1.261,1.240,1.100,30.760,14.160,30.764,67.000,7.329,71.354,3.476,2.448,2.781,10.134,4.032,3.037,2.452,1.114,1.808,38.813,17.557,64.433,71.388,2000.0,3000.0,5456.9,5456.9,5450.1,7.1,3.1,6.7,7.1,69.7,No,No,No,0.720,0.416,2.4,29,62,51,24,62,1.288,5.040,3.360,3.328,12.000,1.146,1.288,3.360,3.296,3.328,1.056,1.056,1.822,1.527,1.814,0.944,3.360,2.024,1373,1846,1102,1391,1215,54.6,51.0,39.5,1.515,1.455,1.815,1.815,0.990,5.110,0.375,No,No,No,40.8,1.515,1.455,1.815,1.815,0.990,5.110,0.500,No,No,No,53,53,53,95.0,100.0,No,No,50644,75673,38,97.0,100.0,No,No,32331,69813,1.5,0.1,1.7,3.363,0.239,9798,3679,0.0,0.0,0.0,0.000,0.000,0,0,47.0,56.0,1.000,8.420,12.163,12.122,0.975,0,0,0,69.920,21.284,5.656,63.980,43.168,26.766,16.402,26.451,13.073,5.081,7.992,4.275,300.000,350.000,2730.0,1750.1,2220.0,2733.6,2317.0,15.0,2.0,0.0,23.0,5.0,3.0,15.0,0.0,0.0,0.0,0.0,0,0,0,Yes,No,No,Yes,No,No,No,23.2,23.0,0,0,0,0,0,0,0,0,0,8,0,0,0,0,0,0,0,0,0,0,0,0,0,0,0,0,0,0,0,0,15493,810,509,44,32.0,45.2,46.2,3.312,5.062,12.031,115.000,0,1.625,4.312,13.500,5.383,21.832,162.422,189.637,184.000,209.148,90.7,0,0,0,0.0,360.0,393.7,334.5,319.6,326.4,316.2,360.0,529.9,272.2,271.4,271.6,271.4,2.78,3.04,2.54,2.37,3.14,3.27,0.33,2.08,2.68,0.10,0.40,41,51,2.5,7.2,0,
25.4.2026,10:39:15.299,12528,23854,34.4,9170,23244,28.2,0.0,3968,0,1.245,1.245,1.245,1.245,1.245,1.245,1.245,1.245,1.245,5138.9,4662.1,5425.0,5425.0,5425.0,5425.0,5425.0,4662.1,4662.1,100.0,694.5,558.3,372.5,879.4,265.2,2089.6,1123.0,1965.0,1091.0,1011.2,401.7,376.9,499.0,69.9,122.9,105.3,181.7,694.5,11.6,3.0,6.9,16.0,4.6,37.1,18.7,34.8,17.9,18.1,6.1,6.6,9.5,0.0,1.8,2.0,2.8,37.1,11.6,13.8,3.9,7.5,18.3,5.2,43.9,23.0,41.1,22.2,20.8,8.0,7.8,10.2,1.4,2.5,2.0,3.6,13.8,51.4,46.6,54.2,54.2,54.2,54.2,54.2,46.6,46.6,0.0,24.2,11.5,22.6,54.2,51.2,27.0,17.7,3.8,5.9,63.1,85.8,77.4,45.8,48.8,73.0,82.2,28.3,63.6,12.6,2.7,0.0,0.0,0.0,0.0,0.0,67.9,30.5,3000.0,30.00,30,38,38,32,38,490,1,62.2,52.3,47.1,42.9,43.0,42.8,48.0,45.5,44.3,41.4,39.9,38.4,41.6,41.6,50.2,44.8,46.3,46.3,49.1,1.249,1.240,1.100,24.291,14.312,24.308,60.500,7.300,63.511,2.597,1.963,2.666,4.612,4.329,2.970,2.373,0.658,1.207,30.396,17.744,56.169,63.371,2000.0,3000.0,5431.0,5431.0,5450.1,6.3,2.4,6.0,6.3,58.2,No,No,No,2.239,4.054,1.9,29,64,54,24,64,1.270,5.040,3.360,3.328,12.000,1.146,1.288,3.344,3.296,3.328,1.056,1.056,1.822,1.536,1.814,0.944,3.360,2.024,1654,2166,1305,1683,1539,54.6,51.0,39.5,1.515,1.455,1.815,1.815,0.990,5.110,0.625,No,No,No,40.8,1.515,1.455,1.815,1.815,0.990,5.110,0.375,No,No,No,53,54,53,95.0,100.0,No,No,50644,75673,38,97.0,100.0,No,No,32331,69813,2.1,0.1,2.2,11.201,0.314,9820,3679,0.0,0.0,0.0,0.000,0.000,0,0,47.0,56.0,0.995,8.422,12.164,12.128,0.975,0,0,0,69.075,21.335,5.668,64.279,43.369,26.887,16.482,26.560,12.910,5.074,7.836,4.282,300.000,350.000,2730.0,1750.1,2220.0,2732.6,2317.0,15.0,2.0,0.0,23.0,5.0,2.9,14.7,0.0,0.0,0.0,0.0,0,0,0,Yes,No,No,Yes,No,No,No,23.3,23.6,0,0,0,0,0,0,0,0,0,8,0,0,0,0,0,0,0,0,0,0,0,0,0,0,0,0,0,0,0,0,15491,812,512,44,32.0,45.2,46.2,3.312,5.062,12.047,115.000,0,1.625,4.312,12.000,5.383,21.832,144.562,171.777,172.000,190.684,90.1,0,0,0,0.0,353.8,391.6,327.6,69.5,135.0,49.3,354.5,593.8,257.7,108.7,153.1,90.0,2.83,3.00,2.58,2.08,7.38,20.27,0.31,1.06,2.73,0.09,0.54,41,51,0.6,0.2,0,
25.4.2026,10:39:17.306,12181,24201,33.4,8814,23600,27.1,0.0,3968,0,1.254,1.255,1.250,1.250,1.255,1.255,1.255,1.255,1.255,5138.9,5425.0,5425.0,5425.0,5425.0,4662.1,4662.1,4662.1,5425.0,100.0,941.7,949.7,505.1,1040.8,767.0,1582.2,1637.3,2134.2,1257.6,1377.3,702.7,807.3,805.1,376.4,309.7,462.6,352.4,941.7,16.3,10.0,8.9,19.1,13.3,27.6,28.3,38.0,20.9,25.3,12.2,14.8,14.7,7.6,5.7,8.2,6.2,38.0,16.3,18.9,11.4,10.2,21.5,15.6,32.8,33.6,44.7,25.5,28.7,14.3,16.8,16.5,7.8,6.4,9.4,7.1,18.9,51.4,54.2,54.2,54.2,54.2,46.6,46.6,46.6,54.2,0.0,29.9,18.3,30.9,48.8,51.7,35.1,28.5,11.6,14.0,57.1,81.7,69.1,51.2,48.3,64.9,71.5,26.2,44.0,13.0,0.0,0.0,0.0,0.0,0.0,0.0,62.2,42.1,3000.0,30.00,30,38,38,32,38,490,1,60.4,52.6,45.0,44.2,44.1,44.6,47.6,47.2,46.0,43.4,41.4,39.7,41.8,41.8,50.0,45.1,46.3,46.3,49.1,1.247,1.240,1.100,27.871,14.195,27.869,90.500,7.325,67.620,3.114,2.549,3.396,4.304,4.737,3.735,3.175,1.355,1.664,34.992,17.601,60.650,67.638,2000.0,3000.0,5413.0,5413.0,5434.7,6.8,2.8,9.0,6.8,58.4,No,No,No,1.111,0.839,2.4,29,61,51,24,61,1.270,5.040,3.360,3.328,12.000,1.146,1.288,3.360,3.296,3.328,1.056,1.056,1.837,1.527,1.814,0.944,3.360,2.024,1683,2109,1318,1700,1506,54.6,51.0,39.5,1.515,1.455,1.815,1.815,0.990,5.110,0.750,No,No,No,40.8,1.515,1.455,1.815,1.800,0.990,5.110,0.500,No,No,No,53,54,53,95.0,100.0,No,No,50644,75673,38,97.0,100.0,No,No,32331,69813,0.6,0.6,1.2,0.666,2.051,9821,3683,0.0,0.0,0.0,0.000,0.000,0,0,47.0,56.0,0.995,8.427,12.173,12.133,0.975,0,0,0,69.511,21.276,5.685,63.893,43.135,26.742,16.393,26.427,13.104,5.067,8.037,4.275,300.000,350.000,2722.0,1750.1,2220.0,2726.7,2317.0,15.0,2.0,0.0,23.0,5.0,2.9,14.7,0.0,0.0,0.0,0.0,0,0,0,Yes,No,No,Yes,No,No,No,23.2,23.1,0,0,0,0,0,0,0,0,0,8,0,0,0,0,0,0,0,0,0,0,0,0,0,0,0,0,0,0,0,0,15491,812,512,44,32.0,45.2,46.2,3.312,5.062,12.031,115.000,0,1.625,4.312,11.750,5.383,21.832,141.367,168.582,166.000,187.386,90.0,0,0,0,0.0,359.9,394.9,327.0,321.5,323.2,320.9,360.0,671.8,245.8,244.2,245.0,243.7,2.78,3.04,2.54,2.47,3.08,3.12,0.29,0.08,2.68,0.10,0.53,41,51,2.9,48.9,0,
25.4.2026,10:39:19.305,12171,24211,33.4,8807,23607,27.1,0.0,3968,0,1.141,1.145,1.140,1.140,1.140,1.140,1.140,1.140,1.140,5138.9,4676.4,5205.0,5205.0,5205.0,5205.0,5205.0,5205.0,5205.0,100.0,518.3,396.7,205.1,624.9,325.4,803.7,1375.9,1456.6,822.0,767.7,341.0,314.4,577.2,26.0,95.3,59.3,101.4,518.3,9.1,3.3,3.5,12.0,5.6,13.7,24.3,26.6,13.6,14.7,6.0,6.1,11.0,0.3,1.7,0.9,1.7,26.6,9.1,10.3,3.8,4.0,12.9,6.5,16.2,28.1,30.2,16.4,15.8,6.9,6.6,11.9,0.5,2.0,1.1,2.0,10.3,51.4,46.8,52.0,52.0,52.0,52.0,52.0,52.0,52.0,0.0,18.9,8.2,19.3,37.4,39.3,22.4,18.4,2.4,3.4,60.9,91.8,80.7,62.6,60.7,77.6,81.6,8.8,23.6,20.2,0.0,0.0,0.0,0.0,0.0,0.0,88.9,73.0,3000.0,30.00,30,38,38,32,38,490,1,57.8,50.2,41.0,39.2,39.6,39.5,41.5,40.8,40.4,38.5,37.5,35.5,39.0,39.0,49.8,44.7,46.2,46.2,49.0,1.152,1.240,1.100,16.255,14.074,16.268,52.000,7.287,51.207,1.507,1.195,1.762,2.256,2.653,1.957,1.729,0.213,0.291,18.739,17.452,44.206,51.149,2000.0,3000.0,5234.7,5234.7,5236.2,5.1,1.6,5.2,5.1,55.8,No,No,No,0.303,0.432,1.5,29,59,48,24,59,1.154,5.040,3.360,3.328,12.000,1.146,1.288,3.360,3.296,3.328,1.056,1.056,1.822,1.536,1.814,0.944,3.360,2.032,1573,1939,1272,1620,1431,54.6,51.0,39.5,1.515,1.455,1.815,1.815,1.005,5.110,0.875,No,No,No,40.8,1.515,1.455,1.815,1.815,0.990,5.110,0.500,No,No,No,53,53,53,95.0,100.0,No,No,50644,75673,38,97.0,100.0,No,No,32331,69813,0.0,0.0,0.0,0.000,0.040,9821,3683,0.0,0.0,0.0,0.000,0.000,0,0,47.0,56.0,0.995,8.419,12.162,12.120,0.975,0,0,0,69.518,21.299,5.668,63.980,43.185,26.774,16.411,26.446,13.125,5.085,8.040,4.282,300.000,350.000,2722.0,1750.1,2220.0,2725.7,2317.0,15.0,2.0,0.0,23.0,5.0,3.0,14.9,0.0,0.0,0.0,0.0,0,0,0,Yes,No,No,Yes,No,No,No,23.2,23.5,0,0,0,0,0,0,0,0,0,8,0,0,0,0,0,0,0,0,0,0,0,0,0,0,0,0,0,0,0,0,15491,812,512,44,32.0,45.2,46.2,3.312,5.062,12.031,115.000,0,1.625,4.312,11.250,5.383,21.832,135.352,162.566,160.000,181.181,89.7,0,0,0,0.0,360.0,381.2,340.6,337.3,339.1,336.5,360.0,724.0,239.4,239.1,239.2,239.0,2.78,2.96,2.61,2.58,2.98,3.00,0.29,0.07,2.68,0.10,0.12,41,51,3.6,1.4,0,
25.4.2026,10:39:21.295,12202,24180,33.5,8812,23602,27.1,0.0,3968,0,1.279,1.285,1.275,1.290,1.275,1.270,1.280,1.280,1.280,5425.0,5425.0,5425.0,5425.0,5425.0,5425.0,5425.0,5425.0,5425.0,100.0,673.2,602.6,338.4,796.8,465.9,1052.5,1479.6,1719.5,981.5,999.3,443.6,459.0,682.5,173.7,141.8,248.3,185.6,673.2,11.5,5.5,5.7,14.8,7.8,18.2,26.1,31.0,16.3,18.6,7.5,8.3,12.6,2.8,2.2,4.1,2.9,31.0,11.5,13.4,6.6,6.7,16.5,9.4,21.4,30.3,35.5,19.8,20.6,9.0,9.5,14.1,3.5,2.9,5.1,3.7,13.4,54.2,54.2,54.2,54.2,54.2,54.2,54.2,54.2,54.2,0.0,22.9,12.0,23.6,41.9,44.3,26.5,21.8,5.5,7.7,59.1,88.0,76.4,58.1,55.7,73.5,78.2,9.5,33.2,18.0,0.0,0.0,0.0,0.0,0.0,0.0,85.0,59.1,3000.0,30.00,30,38,38,32,38,490,1,56.5,50.4,53.8,39.5,39.9,39.8,41.9,41.1,40.7,38.7,37.6,35.9,38.8,38.8,50.0,44.7,46.2,46.2,49.0,1.144,1.240,1.100,18.266,14.096,18.195,85.500,7.294,52.841,1.777,1.432,2.001,2.552,2.945,2.252,1.913,0.440,0.685,21.053,17.479,46.555,53.396,2000.0,3000.0,5220.6,5220.6,5215.5,5.3,1.8,8.5,5.3,56.0,No,No,No,0.548,0.381,1.8,29,56,46,24,56,1.154,5.040,3.360,3.328,12.000,1.146,1.288,3.360,3.296,3.328,1.056,1.056,1.822,1.527,1.814,0.944,3.360,2.032,1462,1909,1201,1503,1358,54.6,51.0,39.5,1.515,1.455,1.815,1.815,1.005,5.110,0.500,No,No,No,40.8,1.515,1.455,1.815,1.815,1.005,5.040,0.750,No,No,No,53,53,53,95.0,100.0,No,No,50644,75673,38,97.0,100.0,No,No,32331,69813,0.0,0.1,0.1,0.000,0.087,9821,3683,0.0,0.0,0.0,0.000,0.000,0,0,47.0,56.0,0.995,8.417,12.161,12.116,0.975,0,0,0,69.476,21.248,5.679,63.886,43.126,26.743,16.383,26.428,12.978,5.009,7.969,4.282,300.000,350.000,2722.0,1750.1,2220.0,2725.7,2317.0,15.0,2.0,0.0,23.0,5.0,3.0,15.0,0.0,0.0,0.0,0.0,0,0,0,Yes,No,No,Yes,No,No,No,23.2,23.8,0,0,0,0,0,0,0,0,0,8,0,0,0,0,0,0,0,0,0,0,0,0,0,0,0,0,0,0,0,0,15493,810,509,43,32.0,45.2,46.2,3.312,5.062,12.031,115.000,0,1.625,4.375,11.250,5.383,22.148,135.352,162.883,160.000,181.508,89.7,0,0,0,0.0,359.9,390.0,333.9,328.7,330.3,327.8,360.0,402.3,326.2,324.4,325.0,324.2,2.78,3.01,2.54,2.31,3.09,3.26,0.30,0.08,2.69,0.09,0.14,41,51,4.5,97.8,0,
25.4.2026,10:39:23.300,12149,24233,33.3,8793,23621,27.1,0.0,3968,0,1.123,1.255,1.245,1.080,1.080,1.080,1.080,1.080,1.080,5237.8,5425.0,4690.0,5425.0,5425.0,5425.0,5425.0,4662.1,5425.0,100.0,755.7,765.8,425.5,883.3,491.8,1167.4,1598.6,1317.5,1689.7,1095.4,584.5,397.7,808.9,202.6,190.8,223.4,248.9,755.7,12.8,6.7,7.4,16.2,8.2,20.0,27.6,22.8,29.6,20.2,9.9,6.9,15.0,2.6,3.2,3.6,4.2,29.6,12.8,15.1,8.1,8.6,18.3,9.9,24.1,32.7,27.5,34.7,22.9,11.9,8.3,16.6,4.2,3.9,4.5,5.0,15.1,52.4,54.2,46.9,54.2,54.2,54.2,54.2,46.6,54.2,0.0,25.3,15.0,25.4,44.4,48.8,30.5,22.6,7.0,8.6,59.4,85.0,74.6,55.6,51.2,69.5,77.4,22.3,39.7,15.3,0.0,0.0,0.0,0.0,0.0,0.0,70.7,51.6,3000.0,30.00,30,38,38,32,38,490,1,56.0,51.4,43.8,42.2,42.3,42.5,45.3,45.0,43.7,41.1,39.6,37.8,40.7,40.7,50.5,45.1,46.3,46.3,49.0,1.212,1.240,1.100,23.082,14.127,23.146,84.000,7.310,61.304,2.428,2.017,2.645,3.489,4.023,2.996,2.430,0.807,1.015,28.230,17.517,53.788,60.824,2000.0,3000.0,5353.6,5353.6,5365.5,6.1,2.3,8.4,6.1,57.1,No,No,No,0.666,0.551,2.0,29,55,44,24,55,1.261,5.040,3.360,3.328,12.000,1.146,1.288,3.360,3.296,3.328,1.056,1.056,1.837,1.527,1.814,0.944,3.360,2.032,1386,1795,1144,1424,1326,54.6,51.0,39.5,1.500,1.455,1.815,1.815,1.005,5.040,0.750,No,No,No,40.8,1.515,1.455,1.815,1.815,1.005,5.040,0.875,No,No,No,53,53,53,95.0,100.0,No,No,50644,75673,38,97.0,100.0,No,No,32331,69813,0.0,0.1,0.1,0.008,0.049,9821,3684,0.0,0.0,0.0,0.000,0.000,0,0,47.1,56.0,0.995,8.415,12.157,12.112,0.975,0,0,0,69.590,21.216,5.665,63.759,43.033,26.682,16.351,26.368,13.005,5.020,7.985,4.293,300.000,350.000,2722.0,1750.1,2220.0,2726.0,2317.0,15.0,2.0,0.0,23.0,5.0,3.0,15.0,0.0,0.0,0.0,0.0,0,0,0,Yes,No,No,Yes,No,No,No,23.1,23.5,0,0,0,0,0,0,0,0,0,8,0,0,0,0,0,0,0,0,0,0,0,0,0,0,0,0,0,0,0,0,15493,810,509,43,32.0,45.2,46.2,3.312,5.062,12.031,115.000,0,1.625,4.312,11.750,5.383,21.832,141.367,168.582,166.000,187.386,90.0,0,0,0,0.0,360.0,389.3,336.9,328.5,332.1,327.0,360.2,436.8,306.4,306.0,306.2,305.9,2.78,2.98,2.58,2.56,3.02,3.06,0.30,0.07,2.69,0.09,0.21,41,51,1.9,194.5,0,
25.4.2026,10:39:25.304,12083,24299,33.2,8725,23689,26.9,0.0,3968,0,1.248,1.255,1.255,1.245,1.245,1.245,1.245,1.245,1.245,5043.6,4662.1,5425.0,5425.0,5425.0,5425.0,4662.1,4662.1,4662.1,100.0,708.8,583.1,418.8,726.2,473.1,792.4,2026.6,1015.7,2140.4,838.3,619.8,276.7,777.2,100.0,106.0,140.6,305.7,708.8,12.3,3.4,7.8,13.7,8.5,13.5,36.0,17.4,38.6,15.8,11.1,5.1,15.0,2.2,0.7,2.0,5.9,38.6,12.3,14.1,3.6,8.5,14.9,9.5,16.0,42.1,20.7,44.8,17.2,12.7,5.6,16.1,2.0,2.2,2.8,6.3,14.1,50.4,46.6,54.2,54.2,54.2,54.2,46.6,46.6,46.6,0.0,24.2,11.6,23.1,46.6,51.9,27.7,20.7,4.0,8.2,58.4,84.3,76.9,53.4,48.1,72.3,79.1,20.1,33.3,17.3,4.1,0.0,0.0,0.0,0.0,0.2,75.9,58.5,3000.0,30.00,30,38,38,32,38,490,1,55.0,51.1,47.1,42.5,42.5,42.8,45.7,45.9,43.8,41.6,39.5,37.9,41.3,41.3,50.5,44.9,46.3,46.3,49.0,1.247,1.240,1.100,23.647,14.305,23.640,83.000,7.306,62.512,2.495,1.949,2.697,3.755,4.482,3.014,2.540,0.579,0.944,29.551,17.734,55.322,62.507,2000.0,3000.0,5424.1,5424.1,5449.8,6.3,2.4,8.3,6.3,56.7,No,No,No,2.411,4.150,1.9,29,55,45,24,55,1.305,5.040,3.344,3.328,12.000,1.146,1.288,3.360,3.296,3.328,1.056,1.056,1.822,1.536,1.814,0.944,3.360,2.024,1369,1760,1112,1377,1293,54.6,51.0,39.5,1.515,1.455,1.815,1.815,1.005,5.040,0.500,No,No,No,40.8,1.515,1.455,1.815,1.815,1.005,5.040,0.375,No,No,No,53,53,53,95.0,100.0,No,No,50644,75673,38,97.0,100.0,No,No,32331,69813,0.0,0.2,0.2,0.024,0.387,9821,3684,0.0,0.0,0.0,0.000,0.000,0,0,47.1,56.0,0.995,8.419,12.162,12.119,0.975,0,0,0,68.969,26.926,5.668,63.696,42.991,26.657,16.334,26.342,12.994,5.019,7.975,61.585,300.000,350.000,2722.0,1750.1,2220.0,2725.5,2317.0,15.0,2.0,0.0,25.0,5.0,2.9,14.7,0.0,0.0,0.0,0.0,0,0,0,Yes,No,No,Yes,No,No,No,23.1,23.5,0,0,0,0,0,0,0,0,0,8,0,0,0,0,0,0,0,0,0,0,0,0,0,0,0,0,0,0,0,0,15489,814,514,44,32.0,45.2,46.2,3.312,5.062,12.031,115.000,0,1.625,4.312,11.750,5.383,21.832,141.367,168.582,166.000,187.386,90.0,0,0,0,0.0,352.8,401.9,321.6,61.5,121.1,44.5,352.8,477.6,279.1,78.9,129.8,62.3,2.83,3.14,2.53,1.86,8.27,22.54,0.28,0.11,2.72,0.11,0.39,41,51,1.6,8.1,0,
25.4.2026,10:39:27.302,12139,24243,33.3,8781,23633,27.0,0.0,3968,0,1.265,1.265,1.265,1.265,1.265,1.265,1.265,1.265,1.265,5425.0,5425.0,5425.0,5425.0,5425.0,5425.0,5425.0,5425.0,5425.0,100.0,959.1,948.9,588.6,1057.6,726.7,1523.4,1778.7,1756.8,1719.2,1263.2,824.1,642.6,944.3,363.2,354.1,466.3,388.4,959.1,16.3,8.6,9.8,19.0,12.1,26.4,30.6,30.6,30.1,22.7,13.8,11.1,17.1,6.8,7.3,8.6,6.4,30.6,16.3,19.3,10.7,12.0,22.0,14.8,31.7,36.5,36.6,35.6,26.3,16.9,13.4,19.6,7.5,7.3,9.7,7.9,19.3,54.2,54.2,54.2,54.2,54.2,54.2,54.2,54.2,54.2,0.0,30.0,18.2,30.1,51.0,53.9,35.1,26.9,11.1,13.6,56.9,81.8,69.9,49.0,46.1,64.9,73.1,28.8,41.3,13.1,0.0,0.0,0.0,0.0,0.0,0.0,60.1,45.0,3000.0,30.00,30,38,38,32,38,490,1,58.0,53.1,55.9,43.7,43.7,43.8,47.2,46.7,45.3,42.6,41.1,39.2,41.4,41.4,50.8,45.1,46.3,46.3,49.0,1.206,1.240,1.100,26.673,14.166,26.652,99.500,7.321,65.236,2.925,2.369,3.071,4.093,4.647,3.419,2.860,1.367,1.571,32.808,17.565,58.427,65.387,2000.0,3000.0,5335.1,5335.1,5335.8,6.5,2.7,9.9,6.5,59.0,No,No,No,1.037,0.859,2.4,29,54,43,24,54,1.146,5.080,3.360,3.328,12.000,1.146,1.288,3.360,3.296,3.328,1.056,1.056,1.822,1.536,1.814,0.944,3.360,2.032,1345,1781,1079,1347,1273,54.6,51.0,39.5,1.515,1.455,1.815,1.815,1.005,5.040,0.875,No,No,No,40.8,1.515,1.455,1.800,1.815,1.005,5.040,0.875,No,No,No,53,53,53,95.0,100.0,No,No,50644,75673,38,97.0,100.0,No,No,32331,69813,0.0,0.1,0.1,0.000,0.042,9821,3684,0.0,0.0,0.0,0.000,0.000,0,0,47.1,56.0,0.995,8.414,12.157,12.109,0.975,0,0,0,69.317,27.014,5.629,63.659,42.961,26.634,16.327,26.320,13.020,5.042,7.978,62.571,300.000,350.000,2722.0,1750.1,2220.0,2727.2,2317.0,15.0,2.0,0.0,23.0,5.0,2.9,14.6,0.0,0.0,0.0,0.0,0,0,0,Yes,No,No,Yes,No,No,No,23.1,23.2,0,0,0,0,0,0,0,0,0,8,0,0,0,0,0,0,0,0,0,0,0,0,0,0,0,0,0,0,0,0,15489,814,514,44,32.0,45.2,46.2,3.312,5.062,12.031,115.000,0,1.625,4.312,11.750,5.383,21.832,141.367,168.582,172.000,187.386,90.0,0,0,0,0.0,360.0,389.4,333.2,324.5,327.7,323.4,360.0,527.0,273.5,270.9,271.8,270.6,2.78,3.00,2.55,2.51,3.05,3.08,0.29,0.08,2.68,0.10,0.37,41,51,6.0,1.8,0,
25.4.2026,10:39:29.304,12117,24265,33.3,8756,23658,27.0,0.0,3968,0,1.145,1.145,1.145,1.145,1.145,1.145,1.145,1.145,1.145,5006.8,4676.4,5205.0,5205.0,5205.0,5205.0,5205.0,4676.4,4676.4,100.0,711.4,757.7,267.2,865.4,425.7,1245.1,1454.4,1428.2,1460.9,860.3,729.8,701.1,443.9,168.1,151.0,262.6,161.4,711.4,12.5,9.7,4.9,16.3,7.6,21.9,25.4,25.1,25.6,15.9,13.3,13.5,8.3,2.6,2.3,4.9,2.3,25.6,12.5,14.3,10.6,5.3,17.9,8.5,25.7,29.7,29.6,29.9,17.7,14.9,14.5,9.0,3.5,3.1,5.3,3.2,14.3,50.1,46.8,52.0,52.0,52.0,52.0,52.0,46.8,46.8,0.0,24.6,14.9,24.5,44.1,47.2,29.6,22.2,6.1,8.2,60.7,85.1,75.5,55.9,52.8,70.4,77.8,24.6,43.3,14.7,0.0,0.0,0.0,0.0,0.0,0.0,69.4,48.5,3000.0,30.00,30,38,38,32,38,490,1,57.1,52.0,42.4,42.9,43.1,43.1,46.1,45.6,44.4,41.9,40.4,38.6,41.4,41.4,49.8,44.6,46.3,46.3,49.0,1.220,1.240,1.100,23.245,14.148,23.277,87.000,7.301,61.463,2.477,2.085,2.641,3.593,4.077,3.007,2.497,0.823,1.096,28.717,17.543,54.290,61.283,2000.0,3000.0,5363.9,5363.9,5377.5,6.1,2.3,8.7,6.1,57.8,No,No,No,0.610,0.540,2.0,29,58,47,24,58,1.279,5.040,3.360,3.328,12.000,1.146,1.288,3.360,3.296,3.328,1.056,1.056,1.837,1.536,1.814,0.944,3.360,2.024,1290,1691,1068,1303,1209,54.6,51.0,39.5,1.515,1.455,1.815,1.815,1.005,5.040,0.625,No,No,No,40.8,1.515,1.455,1.815,1.800,1.005,5.040,0.750,No,No,No,53,53,53,95.0,100.0,No,No,50644,75673,38,97.0,100.0,No,No,32331,69813,0.0,0.1,0.1,0.016,0.032,9821,3684,0.0,0.0,0.0,0.000,0.000,0,0,47.1,56.0,0.995,8.418,12.160,12.119,0.975,0,0,0,69.426,21.259,5.666,63.926,43.144,26.759,16.385,26.431,12.992,5.008,7.984,4.293,300.000,350.000,2722.0,1750.1,2220.0,2727.1,2317.0,15.0,2.0,0.0,23.0,5.0,3.0,15.0,0.0,0.0,0.0,0.0,0,0,0,Yes,No,No,Yes,No,No,No,23.2,23.5,0,0,0,0,0,0,0,0,0,8,0,0,0,0,0,0,0,0,0,0,0,0,0,0,0,0,0,0,0,0,15489,814,514,44,32.0,45.2,46.2,3.312,5.062,12.031,115.000,0,1.562,4.312,11.750,5.176,21.832,141.367,168.375,170.000,187.172,90.0,0,0,0,0.0,359.9,385.5,334.1,322.7,327.6,319.1,360.0,587.3,259.4,259.2,259.3,259.1,2.78,2.98,2.57,2.50,3.00,3.04,0.29,0.08,2.68,0.10,0.45,41,52,2.5,195.3,0,
25.4.2026,10:39:31.296,12120,24262,33.3,8757,23657,27.0,0.0,3968,0,1.144,1.135,1.145,1.145,1.145,1.145,1.145,1.145,1.145,5006.8,4676.4,5205.0,5205.0,5205.0,5205.0,5205.0,4676.4,4676.4,100.0,542.6,447.4,198.5,635.9,388.4,850.8,1385.9,895.1,1386.2,282.9,898.8,533.9,372.0,69.3,103.7,157.3,75.6,542.6,9.6,4.4,3.2,12.0,6.6,14.4,24.6,15.3,24.9,4.7,17.2,10.4,6.7,1.8,2.5,2.6,1.8,24.9,9.6,10.8,5.1,3.9,13.1,7.8,17.2,28.4,18.1,28.6,5.7,18.6,11.1,7.6,1.4,2.1,3.2,1.4,10.8,50.1,46.8,52.0,52.0,52.0,52.0,52.0,46.8,46.8,0.0,19.5,9.2,20.5,38.0,38.7,23.5,18.5,3.3,4.7,60.6,90.8,79.5,62.0,61.3,76.5,81.5,7.5,25.3,19.9,0.0,0.0,0.0,0.0,0.0,0.0,89.1,70.1,3000.0,30.00,30,38,38,32,38,490,1,55.4,50.2,44.4,39.1,39.6,39.5,41.3,40.6,40.3,38.3,37.5,35.6,38.9,38.9,50.5,44.7,46.2,46.2,49.0,1.140,1.240,1.100,16.167,14.069,16.171,68.500,7.288,50.822,1.492,1.219,1.744,2.193,2.562,1.955,1.660,0.237,0.364,18.411,17.446,43.874,50.807,2000.0,3000.0,5210.2,5210.2,5209.9,5.1,1.6,6.8,5.1,55.8,No,No,No,0.456,0.276,1.6,29,56,45,24,56,1.163,5.040,3.360,3.328,12.000,1.146,1.288,3.360,3.296,3.328,1.056,1.056,1.822,1.527,1.814,0.944,3.360,2.024,1421,1912,1147,1445,1331,54.6,51.0,39.5,1.515,1.455,1.815,1.800,0.990,5.040,0.500,No,No,No,40.8,1.515,1.455,1.815,1.800,1.005,5.040,0.375,No,No,No,53,53,53,95.0,100.0,No,No,50644,75673,38,97.0,100.0,No,No,32331,69813,0.0,0.0,0.0,0.000,0.067,9821,3685,0.0,0.0,0.0,0.000,0.000,0,0,47.1,56.0,0.995,8.422,12.168,12.124,0.975,0,0,0,69.419,21.309,5.695,64.098,43.265,26.827,16.438,26.499,12.988,5.005,7.983,4.293,300.000,350.000,2722.0,1750.1,2220.0,2725.6,2317.0,15.0,2.0,0.0,23.0,5.0,3.0,15.0,0.0,0.0,0.0,0.0,0,0,0,Yes,No,No,Yes,No,No,No,23.3,23.5,0,0,0,0,0,0,0,0,0,8,0,0,0,0,0,0,0,0,0,0,0,0,0,0,0,0,0,0,0,0,15493,810,509,43,32.0,45.2,46.2,3.312,5.062,12.031,115.000,0,1.625,4.312,11.250,5.383,21.832,135.352,162.566,164.000,181.181,89.7,0,0,0,0.0,360.0,384.8,336.0,330.9,333.0,330.2,360.4,663.9,246.4,244.6,245.5,243.8,2.78,2.97,2.61,2.57,3.01,3.06,0.30,0.06,2.67,0.10,0.53,41,52,2.2,83.5,0,
25.4.2026,10:39:33.301,12288,24094,33.7,8927,23487,27.5,0.0,3968,0,1.145,1.145,1.145,1.145,1.145,1.145,1.145,1.145,1.145,5006.8,4676.4,5205.0,5205.0,5205.0,5205.0,5205.0,4676.4,4676.4,100.0,588.4,494.1,138.6,663.0,368.0,946.5,1734.7,1035.5,1703.4,348.6,846.5,533.4,256.4,62.9,80.8,135.3,66.1,588.4,10.1,7.2,1.9,12.4,6.1,16.3,31.1,17.2,30.3,5.4,15.8,10.0,4.3,0.8,0.3,2.0,0.7,31.1,10.1,11.9,7.5,2.6,13.7,7.4,19.2,36.2,20.9,35.5,6.8,17.6,11.0,5.1,1.2,1.7,2.7,1.2,11.9,50.1,46.8,52.0,52.0,52.0,52.0,52.0,46.8,46.8,0.0,21.2,10.2,20.7,45.6,45.9,23.5,16.2,2.9,4.2,62.4,84.9,79.3,54.4,54.1,76.5,83.4,11.5,54.8,16.5,4.9,0.0,0.0,0.0,0.0,0.4,85.6,40.9,3000.0,30.00,30,38,38,32,38,490,1,54.1,50.4,43.0,40.7,41.1,41.1,44.0,43.0,41.9,39.6,38.3,36.8,40.1,40.1,50.0,44.8,46.2,46.2,49.0,1.214,1.240,1.100,20.328,14.267,20.321,59.500,7.296,57.619,2.047,1.616,2.298,3.313,3.575,2.428,2.021,0.311,0.817,24.760,17.688,50.473,57.635,2000.0,3000.0,5361.6,5361.6,5382.8,5.8,2.0,5.9,5.8,56.0,No,No,No,2.132,3.975,1.7,29,54,43,24,54,1.261,5.040,3.344,3.328,12.000,1.146,1.279,3.360,3.296,3.328,1.056,1.056,1.822,1.527,1.814,0.944,3.360,2.032,1362,1760,1094,1374,1296,54.6,51.0,39.5,1.515,1.455,1.815,1.800,0.990,5.040,0.500,No,No,No,40.8,1.515,1.455,1.815,1.800,0.990,5.040,0.875,No,No,No,53,53,53,95.0,100.0,No,No,50644,75673,38,97.0,100.0,No,No,32331,69813,0.0,0.1,0.1,0.008,0.130,9821,3685,0.0,0.0,0.0,0.000,0.000,0,0,47.2,56.0,1.000,8.419,12.162,12.119,0.975,0,0,0,68.883,21.321,5.692,64.146,43.287,26.843,16.444,26.528,12.984,5.041,7.943,4.299,300.000,350.000,2730.0,1750.1,2220.0,2725.9,2317.0,15.0,2.0,0.0,23.0,5.0,2.9,14.6,0.0,0.0,0.0,0.0,0,0,0,Yes,No,No,Yes,No,No,No,23.3,23.6,0,0,0,0,0,0,0,0,0,8,0,0,0,0,0,0,0,0,0,0,0,0,0,0,0,0,0,0,0,0,15491,812,512,44,32.0,45.2,46.2,3.312,5.062,12.031,115.000,0,1.625,4.312,12.000,5.383,21.832,144.375,171.590,166.000,190.491,90.1,0,0,0,0.0,354.8,402.6,328.6,72.7,139.2,51.9,354.9,728.2,238.0,108.4,151.4,89.9,2.82,3.01,2.53,1.07,7.14,19.25,0.34,2.09,2.71,0.11,0.27,41,52,3.1,4.0,0,
25.4.2026,10:39:35.301,12659,23723,34.7,9225,23189,28.4,0.0,3968,0,1.285,1.285,1.285,1.285,1.285,1.285,1.285,1.285,1.285,5425.0,5425.0,5425.0,5425.0,5425.0,5425.0,5425.0,5425.0,5425.0,100.0,1155.2,1217.0,585.8,1282.0,790.7,2472.2,1712.6,2824.6,1413.5,1359.7,1190.1,1138.5,628.1,498.1,346.0,643.0,381.0,1155.2,19.7,14.1,10.0,23.0,13.3,43.1,29.4,50.4,23.9,23.3,20.9,20.5,10.7,8.8,6.6,11.2,6.3,50.4,19.7,23.4,17.1,11.9,26.6,16.1,51.7,35.3,59.5,28.9,28.0,24.5,23.7,12.7,10.3,7.0,13.1,7.7,23.4,54.2,54.2,54.2,54.2,54.2,54.2,54.2,54.2,54.2,0.0,36.1,23.3,34.3,64.2,65.8,41.9,29.4,13.1,16.4,57.2,74.6,65.7,35.8,34.2,58.1,70.6,47.2,71.6,6.7,2.0,0.0,0.0,0.0,0.0,0.0,39.6,11.9,3000.0,30.00,30,38,38,32,38,490,1,59.1,54.8,62.9,45.9,45.7,45.8,50.8,49.5,47.6,44.4,42.7,41.0,42.6,42.6,50.5,45.4,46.4,46.4,49.0,1.239,1.240,1.100,32.393,14.394,32.309,102.500,7.339,73.177,3.723,2.973,3.715,5.548,5.747,4.191,3.386,1.892,2.331,40.696,17.846,66.615,73.734,2000.0,3000.0,5395.8,5395.8,5403.4,7.4,3.2,10.2,7.4,60.9,No,No,No,3.038,4.075,2.9,29,53,43,24,53,1.288,5.040,3.344,3.328,12.000,1.146,1.288,3.344,3.296,3.328,1.056,1.056,1.822,1.527,1.814,0.944,3.360,2.032,1299,1693,1076,1304,1245,54.6,51.0,39.5,1.500,1.455,1.815,1.800,0.990,5.040,1.250,No,No,No,40.8,1.515,1.455,1.815,1.800,0.990,5.040,0.500,No,No,No,53,53,53,95.0,100.0,No,No,50644,75673,38,97.0,100.0,No,No,32331,69813,0.0,0.2,0.3,0.002,0.369,9821,3686,0.0,0.0,0.0,0.000,0.000,0,0,47.2,56.0,0.995,8.412,12.154,12.106,0.975,0,0,0,69.190,21.314,5.652,64.018,43.209,26.787,16.422,26.460,13.145,5.137,8.008,4.299,300.000,350.000,2730.0,1750.1,2220.0,2728.5,2317.0,15.0,2.0,0.0,23.0,5.0,2.9,14.5,0.0,0.0,0.0,0.0,0,0,0,Yes,No,No,Yes,No,No,No,23.2,23.6,0,0,0,0,0,0,0,0,0,8,0,0,0,0,0,0,0,0,0,0,0,0,0,0,0,0,0,0,0,0,15491,812,512,44,32.0,45.2,46.2,3.312,5.062,12.031,115.000,0,1.625,4.312,11.750,5.383,21.832,141.367,168.582,164.000,187.386,90.0,0,0,0,0.0,354.8,398.6,326.1,76.1,144.4,54.4,354.8,399.7,325.4,108.7,158.3,90.0,2.82,3.07,2.52,1.46,6.91,18.34,0.32,2.06,2.71,0.10,0.22,41,52,7.3,5.4,0,
25.4.2026,10:39:37.303,12537,23845,34.4,9151,23263,28.2,0.0,3968,0,1.145,1.145,1.145,1.145,1.145,1.145,1.145,1.145,1.145,4940.7,5205.0,4676.4,4676.4,5205.0,5205.0,5205.0,4676.4,4676.4,100.0,614.7,567.7,147.3,757.2,495.1,1230.0,1310.0,1875.1,688.9,457.5,829.3,742.7,184.9,114.1,107.1,242.9,85.3,614.7,11.2,8.6,2.8,15.0,9.2,21.3,23.4,33.8,11.3,8.5,16.4,14.8,3.6,2.6,0.9,5.0,1.9,33.8,11.2,12.4,8.8,2.7,15.8,10.1,25.1,26.9,38.9,13.6,9.4,17.2,15.5,3.7,2.3,2.2,5.0,1.6,12.4,49.4,52.0,46.8,46.8,52.0,52.0,52.0,46.8,46.8,0.0,21.8,11.5,24.5,41.5,42.4,25.0,18.5,4.4,6.6,64.8,88.5,75.5,58.5,57.6,75.0,81.5,20.9,61.2,13.4,0.0,0.0,0.0,0.0,0.0,0.0,74.7,32.1,3000.0,30.00,30,38,38,32,38,490,1,57.4,51.3,43.0,42.1,42.3,42.5,45.0,44.2,43.4,41.0,39.8,38.3,41.1,41.1,50.2,44.7,46.3,46.3,49.0,1.214,1.240,1.100,21.184,14.096,21.275,81.500,7.307,59.126,2.202,1.806,2.558,3.178,3.592,2.635,2.196,0.566,1.084,25.954,17.479,51.471,58.553,2000.0,3000.0,5354.2,5354.2,5368.8,5.9,2.1,8.1,5.9,57.0,No,No,No,0.520,0.969,1.7,29,58,48,24,58,1.270,5.040,3.344,3.328,12.000,1.146,1.288,3.344,3.296,3.328,1.056,1.056,1.837,1.536,1.814,0.944,3.360,2.024,1311,1750,1104,1367,1286,54.6,51.0,39.5,1.515,1.455,1.815,1.800,0.990,5.040,0.500,No,No,No,40.8,1.515,1.455,1.815,1.800,0.990,5.040,0.500,No,No,No,53,53,53,95.0,100.0,No,No,50644,75673,38,97.0,100.0,No,No,32331,69813,0.0,0.1,0.2,0.008,0.163,9821,3686,0.0,0.0,0.0,0.000,0.000,0,0,47.2,56.0,1.000,8.418,12.160,12.120,0.975,0,0,0,69.559,21.330,5.655,64.091,43.251,26.814,16.437,26.486,13.129,5.104,8.025,4.306,300.000,350.000,2730.0,1750.1,2220.0,2733.3,2317.0,15.0,2.0,0.0,26.0,5.0,2.9,14.6,0.0,0.0,0.0,0.0,0,0,0,Yes,No,No,Yes,No,No,No,23.3,23.7,0,0,0,0,0,0,0,0,0,8,0,0,0,0,0,0,0,0,0,0,0,0,0,0,0,0,0,0,0,0,15491,812,512,44,32.0,45.2,46.2,3.312,5.062,12.031,115.000,0,1.625,4.312,12.000,5.383,21.832,144.375,171.590,170.000,190.491,90.1,0,0,0,0.0,360.0,384.9,338.5,331.6,334.2,330.7,360.0,433.6,307.7,306.1,307.0,305.3,2.78,2.97,2.58,2.53,2.99,3.02,0.36,2.09,2.68,0.10,0.22,41,52,2.0,196.2,0,
25.4.2026,10:39:39.292,12212,24170,33.5,8825,23589,27.2,0.0,3968,0,1.145,1.145,1.145,1.145,1.145,1.145,1.145,1.145,1.145,5138.9,5205.0,5205.0,5205.0,5205.0,5205.0,5205.0,4676.4,5205.0,100.0,554.4,467.3,170.0,679.8,357.6,1073.6,1237.4,1746.1,634.0,344.7,831.9,735.1,163.1,73.1,100.2,176.0,80.1,554.4,10.0,5.7,2.7,13.2,6.4,18.8,22.4,32.1,10.1,6.0,16.3,14.5,2.8,1.4,3.4,3.2,1.4,32.1,10.0,11.1,6.1,3.2,14.1,7.2,21.8,25.5,36.3,12.5,6.9,17.3,15.3,3.2,1.4,2.1,3.5,1.5,11.1,51.4,52.0,52.0,52.0,52.0,52.0,52.0,46.8,52.0,0.0,19.9,9.6,20.8,38.8,39.7,23.3,18.3,3.4,5.2,64.7,90.4,79.2,61.2,60.3,76.7,81.7,13.8,54.0,15.4,0.0,0.0,0.0,0.0,0.0,0.0,82.8,40.8,3000.0,30.00,30,38,38,32,38,490,1,55.5,50.3,42.1,39.4,39.9,39.7,41.7,40.9,40.6,38.5,37.7,36.1,39.1,39.1,50.0,44.6,46.2,46.2,49.0,1.152,1.240,1.100,17.036,14.063,17.036,62.000,7.298,52.064,1.620,1.288,1.858,2.365,2.706,2.027,1.732,0.300,0.681,19.657,17.438,45.123,52.059,2000.0,3000.0,5230.5,5230.5,5235.2,5.2,1.7,6.2,5.2,55.9,No,No,No,0.489,0.463,1.6,29,56,46,24,56,1.163,5.040,3.344,3.328,12.000,1.146,1.279,3.360,3.296,3.328,1.056,1.056,1.822,1.527,1.814,0.944,3.360,2.032,1456,1973,1145,1490,1327,54.6,51.0,39.5,1.515,1.455,1.815,1.800,0.990,5.040,0.625,No,No,No,40.8,1.515,1.455,1.800,1.800,0.990,5.040,0.750,No,No,No,53,53,53,95.0,100.0,No,No,50644,75673,38,97.0,100.0,No,No,32331,69813,0.0,0.0,0.0,0.000,0.000,9821,3686,0.0,0.0,0.0,0.000,0.000,0,0,47.2,56.0,1.000,8.420,12.166,12.120,0.975,0,0,0,70.027,21.467,5.706,64.562,43.565,27.019,16.546,26.692,13.138,5.114,8.024,4.306,300.000,350.000,2730.0,1750.1,2220.0,2732.8,2317.0,15.0,2.0,0.0,24.0,5.0,3.0,15.0,0.0,0.0,0.0,0.0,0,0,0,Yes,No,No,Yes,No,No,No,23.4,23.8,0,0,0,0,0,0,0,0,0,8,0,0,0,0,0,0,0,0,0,0,0,0,0,0,0,0,0,0,0,0,15491,812,512,41,32.0,45.2,46.2,3.312,5.062,12.031,115.000,0,1.562,4.312,11.250,5.176,21.832,135.352,162.359,160.000,180.968,89.7,0,0,0,0.0,360.0,390.7,331.8,326.8,329.5,324.7,360.0,476.2,288.6,279.1,282.9,276.9,2.78,3.02,2.52,2.46,3.07,3.14,0.35,2.07,2.68,0.10,0.31,41,52,3.1,1.4,0,
25.4.2026,10:39:41.296,12043,24339,33.1,8688,23726,26.8,0.0,3968,0,1.145,1.145,1.145,1.145,1.145,1.145,1.145,1.145,1.145,4874.6,4676.4,5205.0,5205.0,5205.0,4676.4,4676.4,4676.4,4676.4,100.0,721.4,707.7,208.1,940.7,417.2,1378.6,1414.4,2027.8,795.2,682.9,900.7,912.2,243.9,210.6,233.3,277.8,190.9,721.4,12.2,9.1,2.7,17.3,6.6,23.5,24.6,36.3,12.3,11.5,16.6,16.9,3.5,3.1,3.7,4.3,2.7,36.3,12.2,14.6,10.8,3.9,19.6,8.4,28.3,29.1,42.3,15.9,14.0,18.7,19.0,4.8,4.3,4.8,5.6,3.8,14.6,48.7,46.8,52.0,52.0,52.0,46.8,46.8,46.8,46.8,0.0,24.7,13.9,25.4,45.1,45.6,29.1,21.9,8.0,8.8,61.1,86.1,74.6,54.9,54.4,70.9,78.1,18.4,51.3,14.2,0.0,0.0,0.0,0.0,0.0,0.0,73.7,39.9,3000.0,30.00,30,38,38,32,38,490,1,56.5,51.7,42.5,41.8,42.0,42.1,45.1,44.1,43.4,40.7,39.5,37.8,40.5,40.5,50.2,44.7,46.3,46.3,49.0,1.203,1.240,1.100,22.536,14.119,22.529,89.000,7.314,60.008,2.390,1.936,2.611,3.505,3.786,2.915,2.377,0.839,1.147,27.523,17.507,53.076,60.024,2000.0,3000.0,5336.5,5336.5,5340.5,6.0,2.3,8.9,6.0,57.4,No,No,No,0.743,0.548,2.0,29,56,44,24,56,1.270,5.040,3.360,3.328,12.000,1.146,1.288,3.360,3.296,3.328,1.056,1.056,1.837,1.536,1.814,0.944,3.360,2.032,1400,1778,1135,1409,1326,54.6,51.0,39.5,1.515,1.455,1.815,1.815,0.990,5.040,0.375,No,No,No,40.8,1.515,1.455,1.815,1.800,0.990,5.040,0.500,No,No,No,53,54,53,95.0,100.0,No,No,50644,75673,38,97.0,100.0,No,No,32331,69813,0.0,0.1,0.1,0.008,0.311,9821,3686,0.0,0.0,0.0,0.000,0.000,0,0,47.2,56.0,1.000,8.417,12.160,12.115,0.975,0,0,0,70.083,21.346,5.679,64.174,43.297,26.846,16.451,26.531,13.093,5.079,8.014,4.299,300.000,350.000,2730.0,1750.1,2220.0,2733.5,2317.0,15.0,2.0,0.0,25.0,5.0,3.0,14.9,0.0,0.0,0.0,0.0,0,0,0,Yes,No,No,Yes,No,No,No,23.3,23.6,0,0,0,0,0,0,0,0,0,8,0,0,0,0,0,0,0,0,0,0,0,0,0,0,0,0,0,0,0,0,15491,812,512,41,32.0,45.2,46.2,3.312,5.062,12.031,115.000,0,1.625,4.312,11.750,5.383,21.832,141.367,168.582,166.000,187.386,90.0,0,0,0,0.0,360.0,388.3,334.9,313.4,325.8,303.9,360.0,525.6,274.3,273.5,273.8,273.4,2.78,2.99,2.55,2.30,3.14,3.37,0.35,2.07,2.68,0.10,0.38,42,53,2.4,379.7,0,
25.4.2026,10:39:43.291,12054,24328,33.1,8696,23718,26.8,0.0,3968,0,1.145,1.145,1.145,1.145,1.145,1.145,1.145,1.145,1.145,5072.8,4676.4,5205.0,5205.0,5205.0,5205.0,5205.0,4676.4,5205.0,100.0,692.4,713.6,234.4,955.1,392.5,1409.4,1302.5,2044.2,717.1,654.9,844.7,875.2,213.7,174.6,127.5,295.0,123.6,692.4,12.2,9.1,4.0,18.0,7.0,24.5,23.2,37.1,11.6,11.0,16.1,16.8,3.8,2.7,1.9,5.5,2.4,37.1,12.2,13.9,10.0,4.5,19.7,7.9,28.9,26.8,42.6,14.2,13.4,17.4,18.1,4.1,3.5,2.6,5.9,2.4,13.9,50.7,46.8,52.0,52.0,52.0,52.0,52.0,46.8,52.0,0.0,24.3,14.0,26.0,44.3,45.6,28.7,21.4,5.9,8.3,61.5,86.0,74.0,55.7,54.4,71.3,78.6,22.7,49.5,14.2,0.0,0.0,0.0,0.0,0.0,0.0,71.5,42.3,3000.0,30.00,30,38,38,32,38,490,1,55.5,51.1,43.5,41.0,41.5,41.3,44.0,43.1,42.5,39.9,38.9,37.0,40.0,40.0,50.0,45.0,46.3,46.3,49.1,1.187,1.240,1.100,21.368,14.119,21.370,72.500,7.305,58.159,2.194,1.812,2.461,3.179,3.553,2.671,2.214,0.680,0.982,25.679,17.507,51.223,58.164,2000.0,3000.0,5310.1,5310.1,5305.4,5.8,2.1,7.2,5.8,56.7,No,No,No,0.552,0.405,1.9,29,55,44,24,55,1.163,5.040,3.344,3.328,12.000,1.146,1.288,3.360,3.296,3.328,1.056,1.056,1.822,1.536,1.814,0.944,3.360,2.024,1354,1778,1114,1393,1269,54.6,51.0,39.5,1.515,1.455,1.815,1.815,1.005,5.040,0.500,No,No,No,40.8,1.515,1.455,1.815,1.815,1.005,5.040,0.500,No,No,No,53,53,53,95.0,100.0,No,No,50644,75673,38,97.0,100.0,No,No,32331,69813,0.1,0.1,0.1,0.020,0.012,9821,3686,0.0,0.0,0.0,0.000,0.000,0,0,47.2,56.0,1.000,8.418,12.163,12.117,0.975,0,0,0,69.939,21.408,5.680,64.391,43.450,26.943,16.507,26.616,13.095,5.074,8.021,4.306,300.000,350.000,2730.0,1750.1,2220.0,2732.9,2317.0,15.0,2.0,0.0,24.0,5.0,3.0,15.1,0.0,0.0,0.0,0.0,0,0,0,Yes,No,No,Yes,No,No,No,23.4,23.5,0,0,0,0,0,0,0,0,0,8,0,0,0,0,0,0,0,0,0,0,0,0,0,0,0,0,0,0,0,0,15493,810,509,41,32.0,45.2,46.2,3.312,5.062,12.031,115.000,0,1.625,4.375,11.250,5.383,22.148,135.352,162.883,160.000,181.508,89.7,0,0,0,0.0,360.0,399.6,328.0,324.6,325.6,324.4,360.0,582.8,260.5,259.8,260.1,259.6,2.78,3.04,2.52,2.40,3.06,3.07,0.33,2.07,2.67,0.11,0.46,42,53,8.3,200.1,0,
25.4.2026,10:39:45.302,12230,24152,33.6,8871,23543,27.3,0.0,3968,0,1.151,1.190,1.145,1.145,1.145,1.145,1.145,1.145,1.145,5150.2,5295.0,5205.0,5205.0,5205.0,5205.0,5205.0,4676.4,5205.0,100.0,563.8,422.6,99.0,770.5,231.0,1885.0,683.0,2095.5,613.2,455.9,647.0,610.9,159.0,43.7,104.1,138.8,61.2,563.8,9.6,5.8,0.9,14.3,3.4,33.3,10.7,37.4,9.3,8.2,11.9,11.4,2.1,1.0,2.1,1.9,0.4,37.4,9.6,11.4,6.9,1.7,16.0,4.6,39.1,13.6,43.7,12.1,9.2,13.3,12.7,3.1,0.9,2.2,2.7,1.1,11.4,51.5,53.0,52.0,52.0,52.0,52.0,52.0,46.8,52.0,0.0,20.4,8.9,20.2,43.5,45.6,22.0,15.8,2.8,4.1,60.3,85.5,79.8,56.5,54.4,78.0,83.6,7.0,37.5,19.3,5.5,0.0,0.0,0.0,0.0,0.6,90.1,58.4,3000.0,30.00,30,38,38,32,38,490,1,54.2,50.4,44.4,40.4,40.7,40.9,43.4,42.8,41.5,39.3,38.1,36.3,40.0,40.0,50.2,44.9,46.2,46.2,49.1,1.205,1.240,1.100,19.392,14.270,19.395,54.500,7.292,56.344,1.925,1.475,2.223,3.104,3.532,2.306,1.927,0.271,0.562,23.491,17.692,49.205,56.351,2000.0,3000.0,5353.6,5353.6,5354.9,5.6,1.9,5.4,5.6,56.0,No,No,No,2.022,3.420,1.6,29,55,44,24,55,1.234,5.080,3.360,3.328,12.096,1.146,1.288,3.360,3.296,3.328,1.056,1.056,1.822,1.527,1.814,0.944,3.360,2.024,1336,1762,1076,1365,1273,54.6,51.0,39.5,1.515,1.455,1.815,1.815,1.005,5.040,0.500,No,No,No,40.8,1.515,1.455,1.815,1.815,1.005,5.040,0.750,No,No,No,53,53,53,95.0,100.0,No,No,50644,75673,38,97.0,100.0,No,No,32331,69813,0.0,0.1,0.1,0.000,0.081,9821,3687,0.0,0.0,0.0,0.000,0.000,0,0,47.2,56.0,0.995,8.422,12.166,12.124,0.975,0,0,0,69.292,21.243,5.657,63.772,43.037,26.683,16.354,26.368,13.128,5.060,8.068,4.306,300.000,350.000,2722.0,1750.1,2220.0,2727.9,2317.0,15.0,2.0,0.0,24.0,5.0,2.9,14.7,0.0,0.0,0.0,0.0,0,0,0,Yes,No,No,Yes,No,No,No,23.1,23.3,0,0,0,0,0,0,0,0,0,8,0,0,0,0,0,0,0,0,0,0,0,0,0,0,0,0,0,0,0,0,15491,812,512,41,32.0,45.2,46.2,3.312,5.062,12.031,115.000,0,1.562,4.312,11.750,5.176,21.832,141.367,168.375,166.000,187.172,90.0,0,0,0,0.0,354.8,398.2,335.7,74.0,142.7,52.8,353.8,657.5,244.3,90.5,137.3,71.8,2.82,3.04,2.52,1.17,7.04,18.97,0.31,0.81,2.71,0.11,0.61,42,54,1.4,53.4,0,
25.4.2026,10:39:47.305,12214,24168,33.5,8802,23612,27.1,0.0,3968,0,1.285,1.285,1.285,1.285,1.285,1.285,1.285,1.285,1.285,5425.0,5425.0,5425.0,5425.0,5425.0,5425.0,5425.0,5425.0,5425.0,100.0,1136.3,1203.1,720.2,1398.5,762.3,2395.8,1484.6,1906.1,1750.3,1217.7,1175.9,993.2,890.0,523.4,558.7,601.0,600.6,1136.3,19.7,13.5,12.8,25.5,13.3,42.9,26.0,33.7,30.9,21.6,21.2,17.8,15.9,9.3,10.1,10.6,10.7,42.9,19.7,23.0,15.8,14.9,29.2,15.7,50.2,30.8,39.7,36.1,25.2,24.4,20.6,18.3,10.8,11.6,12.4,12.4,23.0,54.2,54.2,54.2,54.2,54.2,54.2,54.2,54.2,54.2,0.0,33.2,22.7,34.0,57.0,52.6,36.9,29.1,15.5,17.8,53.3,76.6,65.8,43.0,47.4,63.1,70.9,24.8,35.0,13.5,0.8,0.1,0.0,0.0,0.0,0.0,59.7,47.2,3000.0,30.00,30,38,38,32,38,490,1,61.4,54.2,67.1,44.9,45.0,44.9,49.5,47.3,46.5,43.7,42.1,40.1,41.7,41.7,50.8,45.6,46.3,46.3,49.1,1.231,1.240,1.100,30.533,14.273,30.468,105.000,7.322,70.646,3.464,2.916,3.644,5.160,4.823,3.905,3.396,1.835,2.030,38.367,17.697,64.118,71.111,2000.0,3000.0,5379.1,5379.1,5389.4,7.1,3.0,10.5,7.1,60.3,No,No,No,2.078,1.584,2.7,29,54,43,24,54,1.270,5.080,3.360,3.328,12.000,1.146,1.288,3.360,3.296,3.328,1.056,1.056,1.837,1.536,1.814,0.944,3.360,2.032,1296,1691,1075,1320,1236,54.6,51.0,39.5,1.500,1.455,1.815,1.815,1.005,5.040,0.875,No,No,No,40.8,1.515,1.455,1.815,1.815,1.005,5.040,0.750,No,No,No,53,53,53,95.0,100.0,No,No,50644,75673,38,97.0,100.0,No,No,32331,69813,0.0,0.1,0.1,0.008,0.014,9821,3687,0.0,0.0,0.0,0.000,0.000,0,0,47.1,56.0,0.995,8.421,12.167,12.120,0.975,0,0,0,69.367,19.869,5.682,60.771,41.207,25.556,15.651,25.240,10.141,4.048,6.093,4.299,300.000,350.000,2722.0,1750.1,2220.0,2730.7,2317.0,12.0,1.0,0.0,14.0,5.0,2.9,14.3,0.0,0.0,0.0,0.0,0,0,0,Yes,No,No,Yes,No,No,No,22.1,21.9,0,0,0,0,0,0,0,0,0,8,0,0,0,0,0,0,0,0,0,0,0,0,0,0,0,0,0,0,0,0,15481,822,521,41,32.0,45.2,46.2,3.312,5.062,12.031,115.000,0,1.625,4.312,11.250,5.383,21.832,135.352,162.566,160.000,181.181,89.7,0,0,0,0.0,359.9,402.6,322.5,311.5,315.6,309.7,360.0,720.3,239.9,239.8,239.8,239.7,2.78,3.09,2.50,2.41,3.15,3.22,0.29,2.16,2.64,0.14,0.26,42,54,7.0,368.5,0,
25.4.2026,10:39:49.297,12054,24328,33.1,8685,23729,26.7,0.0,3968,0,1.079,1.130,1.145,1.060,1.060,1.060,1.060,1.060,1.060,5008.5,4676.4,4690.0,5205.0,5205.0,5205.0,5205.0,4676.4,5205.0,100.0,858.7,925.3,560.6,1059.2,489.7,2007.0,1248.3,1743.6,1570.3,836.8,1063.1,508.0,756.3,183.7,213.3,272.9,301.4,858.7,14.5,6.7,10.1,19.4,8.1,35.6,20.8,30.3,27.6,14.4,19.4,8.9,14.0,3.1,3.8,4.7,5.4,35.6,14.5,17.0,8.0,11.4,22.1,9.8,41.9,25.3,36.2,32.6,17.3,22.1,10.5,15.6,3.8,4.4,5.6,6.1,17.0,50.1,46.8,46.9,52.0,52.0,52.0,52.0,46.8,52.0,0.0,28.7,18.0,28.7,52.7,53.3,34.5,24.0,7.6,11.2,61.6,82.0,71.3,47.3,46.7,65.5,76.0,38.1,66.1,9.6,0.0,0.0,0.0,0.0,0.0,0.0,54.3,22.7,3000.0,30.00,30,38,38,32,38,490,1,60.4,54.5,42.5,45.3,45.3,45.1,49.7,48.4,47.1,43.8,42.2,40.7,43.0,43.0,50.5,45.1,46.4,46.4,49.1,1.240,1.240,1.100,27.582,14.208,27.648,86.500,7.320,67.794,3.060,2.493,3.163,4.649,4.842,3.582,2.829,1.206,1.712,34.587,17.618,60.257,67.339,2000.0,3000.0,5397.3,5397.3,5412.5,6.7,2.8,8.6,6.7,60.6,No,No,No,1.050,0.967,2.3,29,62,51,24,62,1.305,5.040,3.360,3.328,12.000,1.146,1.288,3.360,3.296,3.328,1.056,1.056,1.837,1.527,1.814,0.944,3.360,2.032,1290,1735,1090,1347,1259,54.6,51.0,39.5,1.515,1.455,1.815,1.815,1.005,5.040,0.625,No,No,No,40.8,1.515,1.455,1.815,1.815,1.005,5.040,0.375,No,No,No,53,53,53,95.0,100.0,No,No,50644,75673,38,97.0,100.0,No,No,32331,69813,0.0,0.2,0.2,0.016,0.114,9821,3687,0.0,0.0,0.0,0.000,0.000,0,0,47.2,56.0,1.000,8.422,12.165,12.128,0.975,0,0,0,69.235,21.335,5.644,64.155,43.266,26.835,16.431,26.508,13.097,5.094,8.003,4.311,300.000,350.000,2730.0,1750.1,2220.0,2736.5,2317.0,15.0,2.0,0.0,24.0,5.1,2.8,14.0,0.0,0.0,0.0,0.0,0,0,0,Yes,No,No,Yes,No,No,No,23.3,23.3,0,0,0,0,0,0,0,0,0,8,0,0,0,0,0,0,0,0,0,0,0,0,0,0,0,0,0,0,0,0,15476,827,526,40,32.0,45.2,46.2,3.312,5.062,12.031,115.000,0,1.625,4.312,12.250,5.383,21.832,147.383,174.598,176.000,193.597,90.2,0,0,0,0.0,359.9,386.7,339.2,335.1,337.1,334.8,360.0,398.1,328.6,327.4,328.0,327.0,2.78,2.96,2.57,2.52,2.98,3.02,0.36,2.09,2.68,0.10,0.14,42,55,3.6,198.5,0,
25.4.2026,10:39:51.303,12026,24356,33.0,8670,23744,26.7,0.0,3968,0,1.136,1.145,1.135,1.135,1.135,1.135,1.135,1.135,1.135,4940.7,4676.4,4676.4,5205.0,5205.0,5205.0,5205.0,4676.4,4676.4,100.0,518.4,399.1,299.5,674.9,266.7,1549.8,737.3,713.9,1495.6,277.6,764.0,170.0,629.7,33.9,98.2,81.8,102.9,518.4,8.8,1.4,5.2,13.1,4.4,27.9,12.3,11.3,27.1,4.7,14.7,2.9,12.1,0.3,0.8,1.0,1.6,27.9,8.8,10.2,1.9,5.9,14.0,5.3,31.9,14.8,14.1,30.9,5.5,15.8,3.4,13.0,0.6,2.0,1.5,2.0,10.2,49.4,46.8,46.8,52.0,52.0,52.0,52.0,46.8,46.8,0.0,18.6,8.3,19.4,39.6,37.5,21.2,16.5,2.6,3.9,64.4,91.7,80.6,60.4,62.5,78.8,83.5,9.5,47.9,17.0,0.0,0.0,0.0,0.0,0.0,0.0,87.8,48.1,3000.0,30.00,30,38,38,32,38,490,1,57.8,50.3,44.4,38.8,39.5,39.0,41.2,40.0,40.0,37.8,37.4,35.5,38.8,38.8,49.8,44.6,46.2,46.2,49.0,1.142,1.240,1.100,15.874,14.049,15.866,45.000,7.285,50.412,1.457,1.168,1.710,2.239,2.452,1.826,1.556,0.210,0.493,18.102,17.421,43.536,50.443,2000.0,3000.0,5218.8,5218.8,5209.9,5.0,1.6,4.5,5.0,55.9,No,No,No,0.295,0.223,1.5,29,59,48,24,59,1.163,5.040,3.360,3.328,12.096,1.146,1.288,3.360,3.296,3.328,1.056,1.056,1.822,1.527,1.814,0.944,3.360,2.032,1569,2093,1234,1591,1428,54.6,51.0,39.5,1.515,1.455,1.800,1.815,1.005,5.040,0.375,No,No,No,40.8,1.515,1.455,1.815,1.815,1.005,5.040,0.500,No,No,No,53,53,53,95.0,100.0,No,No,50644,75673,38,97.0,100.0,No,No,32331,69813,0.0,0.0,0.0,0.000,0.067,9821,3687,0.0,0.0,0.0,0.000,0.000,0,0,47.2,56.0,1.000,8.421,12.165,12.122,0.975,0,0,0,69.856,21.428,5.693,64.392,43.450,26.950,16.500,26.623,13.182,5.149,8.033,4.311,300.000,350.000,2730.0,1750.1,2220.0,2731.8,2317.0,16.0,2.0,0.0,23.0,5.1,3.0,15.1,0.0,0.0,0.0,0.0,0,0,0,Yes,No,No,Yes,No,No,No,23.4,23.7,0,0,0,0,0,0,0,0,0,8,0,0,0,0,0,0,0,0,0,0,0,0,0,0,0,0,0,0,0,0,15476,827,526,41,32.0,45.2,46.2,3.312,5.062,12.031,115.000,0,1.625,4.312,11.250,5.383,21.832,135.352,162.566,164.000,181.181,89.7,0,0,0,0.0,360.0,383.5,336.8,316.0,327.7,307.8,360.1,432.4,308.7,306.5,307.5,306.2,2.78,2.97,2.57,2.38,3.09,3.34,0.35,2.08,2.67,0.10,0.22,42,55,3.8,51.1,0,
25.4.2026,10:39:53.304,11974,24408,32.9,8618,23796,26.5,0.0,3968,0,1.246,1.255,1.245,1.245,1.245,1.245,1.245,1.245,1.245,5234.3,5425.0,5425.0,5425.0,5425.0,5425.0,5425.0,4662.1,4662.1,100.0,904.8,918.1,480.9,1300.1,494.3,1992.2,1219.4,1819.0,1632.0,1053.4,1031.6,650.4,772.3,205.7,253.2,309.2,345.5,904.8,15.4,7.9,8.4,23.6,8.1,35.3,20.7,31.9,28.7,18.2,18.7,11.4,14.2,3.0,4.7,5.4,6.2,35.3,15.4,18.0,9.2,9.6,26.9,9.8,41.4,24.8,37.9,33.4,21.6,21.2,13.3,15.8,4.1,5.1,6.2,7.0,18.0,52.3,54.2,54.2,54.2,54.2,54.2,54.2,46.6,46.6,0.0,30.4,17.7,33.2,51.5,55.7,37.5,26.8,8.8,12.3,59.7,82.3,66.8,48.5,44.3,62.5,73.2,35.9,63.9,9.9,0.0,0.0,0.0,0.0,0.0,0.0,55.3,23.8,3000.0,30.00,30,38,38,32,38,490,1,57.2,52.3,46.6,43.4,43.2,43.8,46.7,46.3,45.1,42.3,40.4,39.1,41.1,41.1,51.0,45.1,46.3,46.3,49.1,1.215,1.240,1.100,26.589,14.192,26.585,74.500,7.314,65.339,2.933,2.306,3.202,4.102,4.589,3.552,2.834,1.180,1.701,32.776,17.597,58.418,65.378,2000.0,3000.0,5356.1,5356.1,5360.9,6.5,2.7,7.4,6.5,58.1,No,No,No,0.887,0.628,2.4,29,57,46,24,57,1.314,5.040,3.360,3.328,12.000,1.146,1.288,3.360,3.296,3.328,1.056,1.056,1.837,1.527,1.814,0.944,3.360,2.024,1483,1872,1208,1525,1359,54.6,51.0,39.5,1.515,1.455,1.800,1.815,1.005,5.040,1.000,No,No,No,40.8,1.515,1.455,1.800,1.800,1.005,5.040,0.625,No,No,No,53,54,53,95.0,100.0,No,No,50644,75673,38,97.0,100.0,No,No,32331,69813,0.1,0.2,0.3,0.077,0.040,9822,3687,0.0,0.0,0.0,0.000,0.000,0,0,47.3,56.0,1.000,8.418,12.163,12.117,0.975,0,0,0,70.016,21.406,5.680,64.353,43.421,26.927,16.494,26.600,13.139,5.121,8.018,4.311,300.000,350.000,2730.0,1750.1,2220.0,2733.3,2317.0,15.0,2.0,0.0,24.0,5.0,3.0,15.0,0.0,0.0,0.0,0.0,0,0,0,Yes,No,No,Yes,No,No,No,23.3,23.4,0,0,0,0,0,0,0,0,0,8,0,0,0,0,0,0,0,0,0,0,0,0,0,0,0,0,0,0,0,0,15493,810,509,41,32.0,45.2,46.2,3.312,5.078,12.031,115.000,0,1.625,4.562,13.000,5.383,23.169,156.406,184.958,186.000,204.306,90.5,0,0,0,0.0,360.0,388.0,333.6,318.7,327.1,312.8,360.0,471.5,291.1,290.6,290.8,290.5,2.78,3.01,2.55,2.46,3.10,3.20,0.35,2.07,2.68,0.10,0.30,42,55,2.3,197.2,0,
25.4.2026,10:39:55.298,12081,24301,33.2,8721,23693,26.9,0.0,3968,0,1.271,1.290,1.275,1.275,1.265,1.265,1.265,1.265,1.265,5425.0,5425.0,5425.0,5425.0,5425.0,5425.0,5425.0,5425.0,5425.0,100.0,757.3,702.2,361.2,1029.2,374.0,1675.6,1415.2,1370.0,1719.9,1094.2,520.8,498.5,601.4,142.4,167.5,209.3,234.8,757.3,13.2,6.5,6.6,19.1,6.4,29.2,24.7,23.4,30.7,20.0,9.2,8.8,11.4,3.4,3.8,3.6,4.3,30.7,13.2,15.1,7.5,7.2,21.4,7.5,34.4,29.2,28.0,35.7,22.5,10.6,10.1,12.3,2.9,3.3,4.1,4.8,15.1,54.2,54.2,54.2,54.2,54.2,54.2,54.2,54.2,54.2,0.0,25.7,13.9,26.6,50.7,49.4,29.4,21.1,5.7,8.4,60.4,82.3,73.4,49.3,50.6,70.6,78.8,25.4,52.8,13.9,3.8,0.0,0.0,0.0,0.0,0.1,68.8,38.8,3000.0,30.00,30,38,38,32,38,490,1,56.2,51.4,58.4,42.5,42.6,42.9,46.2,45.0,43.9,41.4,39.7,38.2,41.0,41.0,50.5,44.8,46.3,46.3,49.0,1.236,1.240,1.100,24.290,14.317,24.243,84.500,7.304,62.790,2.605,2.048,2.884,4.078,4.163,3.115,2.524,0.812,1.220,30.203,17.749,55.986,63.108,2000.0,3000.0,5408.4,5408.4,5416.4,6.3,2.4,8.4,6.3,57.1,No,No,No,2.506,3.662,2.1,29,56,46,24,56,1.270,5.040,3.360,3.328,12.000,1.146,1.288,3.360,3.296,3.328,1.056,1.056,1.822,1.536,1.814,0.944,3.360,2.024,1419,1809,1156,1462,1310,54.6,51.0,39.5,1.515,1.455,1.800,1.800,0.990,5.040,0.625,No,No,No,40.8,1.515,1.455,1.800,1.800,1.005,5.040,0.375,No,No,No,53,53,53,95.0,100.0,No,No,50644,75673,38,97.0,100.0,No,No,32331,69813,0.1,0.1,0.1,0.034,0.073,9822,3687,0.0,0.0,0.0,0.000,0.000,0,0,47.3,56.0,0.995,8.423,12.169,12.124,0.975,0,0,0,69.141,21.410,5.695,64.381,43.441,26.940,16.501,26.612,13.109,5.101,8.008,4.311,300.000,350.000,2730.0,1750.1,2220.0,2730.6,2317.0,15.0,2.0,0.0,24.0,5.0,2.9,14.7,0.0,0.0,0.0,0.0,0,0,0,Yes,No,No,Yes,No,No,No,23.4,23.1,0,0,0,0,0,0,0,0,0,8,0,0,0,0,0,0,0,0,0,0,0,0,0,0,0,0,0,0,0,0,15491,812,512,41,32.0,45.2,46.2,3.312,5.062,12.031,115.000,0,1.625,4.312,11.750,5.383,21.832,141.367,168.582,178.000,187.386,90.0,0,0,0,0.0,354.9,396.8,328.7,77.0,145.9,54.9,355.9,521.9,274.9,103.2,161.8,84.2,2.82,3.01,2.51,1.55,6.82,18.21,0.31,1.31,2.71,0.11,0.44,42,55,2.6,5.1,0,
25.4.2026,10:39:57.293,12028,24354,33.0,8697,23717,26.8,0.0,3968,0,1.145,1.145,1.145,1.145,1.145,1.145,1.145,1.145,1.145,5006.8,4676.4,5205.0,5205.0,5205.0,5205.0,5205.0,4676.4,4676.4,100.0,825.1,870.6,415.0,1057.5,511.5,1908.4,1157.9,1611.1,1555.0,1372.0,490.6,633.9,704.5,200.2,181.8,288.2,242.6,825.1,13.9,8.2,7.4,19.2,8.5,33.1,19.5,28.0,27.3,24.7,7.7,11.1,13.2,2.8,2.6,5.0,3.6,33.1,13.9,16.4,9.6,8.3,21.8,10.2,39.4,23.5,33.7,32.0,28.4,10.0,13.0,14.4,4.0,3.7,5.8,4.9,16.4,50.1,46.8,52.0,52.0,52.0,52.0,52.0,46.8,46.8,0.0,28.0,16.8,29.3,49.4,51.4,34.2,25.7,7.3,10.2,58.7,83.2,70.7,50.6,48.6,65.8,74.3,30.4,46.0,13.3,0.0,0.0,0.0,0.0,0.0,0.0,62.3,43.7,3000.0,30.00,30,38,38,32,38,490,1,56.4,52.5,43.0,44.0,44.0,44.3,47.6,47.2,45.8,43.0,41.0,39.3,42.1,42.1,50.8,45.0,46.4,46.4,49.1,1.246,1.240,1.100,26.466,14.187,26.522,71.500,7.322,66.256,2.919,2.406,3.164,4.192,4.684,3.562,2.933,1.046,1.365,33.186,17.591,58.832,65.886,2000.0,3000.0,5417.8,5417.8,5430.8,6.6,2.7,7.1,6.6,58.3,No,No,No,0.744,1.135,2.2,29,56,45,24,56,1.243,5.040,3.360,3.328,12.000,1.146,1.288,3.360,3.296,3.328,1.056,1.056,1.822,1.527,1.814,0.944,3.360,2.024,1391,1792,1104,1397,1318,54.6,51.0,39.5,1.515,1.455,1.800,1.800,1.005,5.040,0.875,No,No,No,40.8,1.515,1.455,1.800,1.800,1.005,5.040,0.500,No,No,No,53,54,53,95.0,100.0,No,No,50644,75673,38,97.0,100.0,No,No,32331,69813,0.1,0.5,0.5,0.097,0.785,9822,3689,0.0,0.0,0.0,0.000,0.000,0,0,47.3,56.0,0.995,8.416,12.159,12.114,0.975,0,0,0,69.128,21.262,5.642,63.806,43.052,26.699,16.353,26.372,13.191,5.110,8.081,4.311,300.000,350.000,2722.0,1750.1,2220.0,2726.9,2317.0,15.0,2.0,0.0,24.0,5.0,2.9,14.7,0.0,0.0,0.0,0.0,0,0,0,Yes,No,No,Yes,No,No,No,23.1,23.0,0,0,0,0,0,0,0,0,0,8,0,0,0,0,0,0,0,0,0,0,0,0,0,0,0,0,0,0,0,0,15491,812,512,41,32.0,45.2,46.2,3.312,5.062,12.031,115.000,0,1.625,4.562,14.500,5.383,23.098,174.453,202.934,198.000,222.927,91.0,0,0,0,0.0,360.0,390.1,335.2,320.7,327.5,317.6,360.4,581.0,260.8,257.9,259.5,256.7,2.78,2.98,2.58,2.53,3.05,3.15,0.29,0.03,2.68,0.09,0.44,42,56,3.4,286.5,0,
25.4.2026,10:39:59.300,11973,24409,32.9,8661,23753,26.7,0.0,3968,0,1.145,1.145,1.145,1.145,1.145,1.145,1.145,1.145,1.145,5006.8,4676.4,5205.0,5205.0,5205.0,5205.0,5205.0,4676.4,4676.4,100.0,500.9,350.6,233.8,610.0,316.6,1366.6,815.3,706.2,1482.8,887.8,154.5,142.4,708.5,22.9,80.0,71.9,64.4,500.9,8.6,1.7,4.0,11.6,5.3,24.1,13.8,11.1,27.0,16.8,3.2,2.3,13.7,0.1,1.2,0.9,1.6,27.0,8.6,9.9,2.2,4.6,12.6,6.3,27.9,16.4,13.8,30.6,18.3,3.1,2.8,14.7,0.4,1.7,1.3,1.2,9.9,50.1,46.8,52.0,52.0,52.0,52.0,52.0,46.8,46.8,0.0,18.1,7.3,19.0,37.5,37.1,21.3,17.6,2.1,2.9,60.2,92.7,81.0,62.5,62.9,78.7,82.4,3.8,17.8,21.7,0.0,0.0,0.0,0.0,0.0,0.0,94.1,79.2,3000.0,30.00,30,38,38,32,38,490,1,54.8,50.2,44.4,38.8,39.3,39.1,41.0,40.2,40.0,38.0,37.2,35.1,38.8,38.8,50.0,44.7,46.2,46.2,49.0,1.141,1.240,1.100,15.460,14.044,15.455,40.500,7.295,49.947,1.402,1.123,1.685,2.167,2.443,1.859,1.612,0.137,0.194,17.612,17.414,43.050,49.953,2000.0,3000.0,5215.7,5215.7,5209.9,5.0,1.5,4.0,5.0,55.8,No,No,No,0.200,0.173,1.4,29,55,45,24,55,1.163,5.040,3.360,3.328,12.000,1.146,1.279,3.344,3.296,3.328,1.056,1.056,1.837,1.536,1.814,0.944,3.360,2.032,1407,1834,1136,1421,1327,54.6,51.0,39.5,1.500,1.455,1.800,1.800,1.005,5.040,0.875,No,No,No,40.8,1.515,1.455,1.800,1.800,1.005,5.040,0.625,No,No,No,53,53,53,95.0,100.0,No,No,50644,75673,38,97.0,100.0,No,No,32331,69813,0.0,0.0,0.0,0.032,0.075,9822,3689,0.0,0.0,0.0,0.000,0.000,0,0,47.3,56.0,0.995,8.421,12.167,12.122,0.975,0,0,0,69.406,21.340,5.694,64.040,43.224,26.800,16.424,26.484,13.209,5.132,8.077,4.317,300.000,350.000,2722.0,1750.1,2220.0,2725.6,2317.0,15.0,2.0,0.0,24.0,5.0,3.0,15.0,0.0,0.0,0.0,0.0,0,0,0,Yes,No,No,Yes,No,No,No,23.2,23.2,0,0,0,0,0,0,0,0,0,8,0,0,0,0,0,0,0,0,0,0,0,0,0,0,0,0,0,0,0,0,15491,812,512,41,32.0,45.2,46.2,3.312,5.062,12.031,115.000,0,1.562,4.312,11.000,5.176,21.832,132.344,159.352,164.000,177.868,89.6,0,0,0,0.0,359.9,385.4,334.8,321.1,328.9,315.4,360.0,655.9,248.2,246.7,247.2,246.6,2.78,2.99,2.57,2.45,3.07,3.13,0.30,0.07,2.69,0.09,0.52,42,56,4.1,1.6,0,
25.4.2026,10:40:1.293,11995,24388,32.9,8692,23722,26.8,0.0,3968,0,1.244,1.240,1.245,1.245,1.245,1.245,1.245,1.245,1.245,5234.3,5425.0,5425.0,5425.0,5425.0,5425.0,5425.0,4662.1,4662.1,100.0,711.3,655.6,295.8,962.6,398.6,1644.8,1077.1,1791.6,1094.5,1190.4,398.6,617.9,536.5,143.1,180.5,209.5,182.9,711.3,12.5,6.8,5.4,18.2,6.9,29.1,18.5,31.9,18.9,22.1,7.0,11.0,10.2,2.8,4.3,3.9,3.5,31.9,12.5,14.2,7.5,5.8,19.9,7.9,33.9,21.8,37.2,22.2,24.5,8.0,12.7,10.9,2.9,3.7,4.2,3.7,14.2,52.3,54.2,54.2,54.2,54.2,54.2,54.2,46.6,46.6,0.0,24.9,12.9,26.2,45.0,47.9,30.3,22.6,6.2,7.7,59.5,87.1,73.8,55.0,52.1,69.7,77.4,23.1,37.7,15.7,0.0,0.0,0.0,0.0,0.0,0.0,70.7,54.6,3000.0,30.00,30,38,38,32,38,490,1,54.5,51.1,46.2,41.4,41.6,41.8,44.3,44.0,42.9,40.4,39.2,37.1,40.3,40.3,50.5,44.9,46.3,46.3,49.1,1.195,1.240,1.100,21.909,14.128,21.895,71.500,7.308,58.864,2.279,1.817,2.543,3.288,3.837,2.799,2.330,0.739,0.878,26.475,17.518,52.032,58.957,2000.0,3000.0,5323.7,5323.7,5320.9,5.9,2.2,7.1,5.9,56.8,No,No,No,0.639,0.473,2.0,29,55,44,24,55,1.296,5.080,3.360,3.328,12.000,1.146,1.288,3.360,3.296,3.328,1.056,1.056,1.837,1.536,1.814,0.944,3.360,2.032,1362,1776,1107,1378,1299,54.6,51.0,39.5,1.515,1.455,1.800,1.800,1.005,5.040,0.375,No,No,No,40.8,1.515,1.455,1.800,1.800,1.005,5.040,0.375,No,No,No,53,53,53,95.0,100.0,No,No,50644,75673,38,97.0,100.0,No,No,32331,69813,0.0,0.2,0.2,0.008,0.110,9822,3689,0.0,0.0,0.0,0.000,0.000,0,0,47.4,56.0,0.995,8.418,12.162,12.117,0.975,0,0,0,69.605,21.314,5.668,63.953,43.154,26.762,16.392,26.435,13.226,5.146,8.080,4.324,300.000,350.000,2722.0,1750.1,2220.0,2726.7,2317.0,15.0,2.0,0.0,24.0,5.0,3.0,15.0,0.0,0.0,0.0,0.0,0,0,0,Yes,No,No,Yes,No,No,No,23.2,23.0,0,0,0,0,0,0,0,0,0,8,0,0,0,0,0,0,0,0,0,0,0,0,0,0,0,0,0,0,0,0,15493,810,509,41,32.0,45.2,46.2,3.312,5.062,12.031,115.000,0,1.625,4.312,11.750,5.383,21.832,141.367,168.582,166.000,187.386,90.0,0,0,0,0.0,360.0,394.6,334.7,318.4,327.3,312.7,360.0,717.0,240.1,237.1,238.8,235.8,2.78,3.01,2.50,2.41,3.10,3.26,0.29,0.08,2.68,0.10,0.27,42,56,4.3,197.9,0,
25.4.2026,10:40:3.292,12108,24274,33.2,8757,23657,27.0,0.0,3968,0,1.278,1.265,1.275,1.290,1.290,1.275,1.275,1.275,1.275,5425.0,5425.0,5425.0,5425.0,5425.0,5425.0,5425.0,5425.0,5425.0,100.0,773.2,591.0,297.6,1024.5,416.4,1660.7,1295.2,2354.7,1193.1,1095.1,558.0,529.7,470.1,198.3,177.0,310.3,199.6,773.2,13.2,6.8,4.5,18.4,6.4,29.2,21.7,41.8,20.0,19.4,9.5,10.0,8.2,3.6,3.3,5.6,2.8,41.8,13.2,15.6,8.7,6.0,21.1,8.4,34.4,26.3,49.4,24.1,22.3,11.3,10.9,9.4,4.0,3.6,6.3,4.0,15.6,54.2,54.2,54.2,54.2,54.2,54.2,54.2,54.2,54.2,0.0,26.1,13.4,25.9,47.5,57.4,29.9,18.4,7.0,9.5,50.7,36.8,74.1,52.5,42.6,70.1,78.3,24.2,27.2,23.2,49.8,0.0,0.0,0.0,0.0,3.4,68.8,63.3,3000.0,30.00,30,38,38,32,38,490,1,56.0,52.1,54.4,42.7,41.9,43.4,46.4,47.4,43.9,41.2,39.7,37.8,41.1,41.1,50.8,45.2,46.3,46.3,49.1,1.250,1.240,1.100,25.075,14.210,25.016,87.500,7.310,63.754,2.670,1.465,2.991,4.170,5.201,3.165,2.412,0.910,1.045,31.475,17.619,57.135,64.074,2000.0,3000.0,5433.7,5433.7,5450.1,6.4,2.5,8.7,6.4,57.9,No,No,No,1.511,0.864,2.1,29,54,43,24,54,1.270,5.080,3.360,3.328,12.000,1.146,1.288,3.360,3.296,3.328,1.056,1.056,1.822,1.536,1.814,0.944,3.360,2.024,1318,1719,1085,1341,1253,54.6,51.0,39.5,1.515,1.455,1.800,1.800,1.005,5.040,0.375,No,No,No,40.8,1.515,1.455,1.800,1.800,1.005,5.040,0.875,No,No,No,53,53,53,95.0,100.0,No,No,50644,75673,38,97.0,100.0,No,No,32331,69813,0.1,0.1,0.2,0.048,0.014,9822,3689,0.0,0.0,0.0,0.000,0.000,0,0,47.1,56.0,0.995,8.419,12.165,12.117,0.975,0,0,0,68.062,20.041,5.644,60.996,41.323,25.625,15.698,25.322,10.753,4.362,6.391,4.299,300.000,350.000,2715.0,1750.1,2220.0,2720.2,2317.0,13.0,2.0,0.0,15.0,5.1,2.8,13.9,0.0,0.0,0.0,0.0,0,0,0,Yes,No,No,Yes,No,No,No,22.2,22.5,0,0,0,0,0,0,0,0,0,8,0,0,0,0,0,0,0,0,0,0,0,0,0,0,0,0,0,0,0,0,15479,824,523,41,32.0,45.2,46.2,3.312,5.062,12.031,115.000,0,1.625,4.312,10.750,5.383,21.832,129.336,156.551,190.000,174.982,89.5,0,0,0,0.0,359.9,403.0,324.1,317.0,319.0,316.6,360.0,396.1,330.1,328.7,329.4,328.2,2.78,3.05,2.51,2.41,3.10,3.15,0.25,0.27,2.61,0.16,0.13,42,56,5.8,0.9,0,
25.4.2026,10:40:5.304,12314,24068,33.8,9004,23410,27.7,0.0,3968,0,1.245,1.245,1.245,1.245,1.245,1.245,1.245,1.245,1.245,5043.6,5425.0,4662.1,4662.1,5425.0,5425.0,5425.0,4662.1,4662.1,100.0,772.0,599.1,318.2,925.0,444.9,1991.9,1106.9,2717.0,924.6,1128.7,541.7,640.9,301.7,169.6,158.3,236.8,146.5,772.0,12.9,6.2,5.5,16.1,7.6,34.9,17.4,48.5,14.8,19.7,8.5,11.0,4.3,3.1,2.1,3.5,2.6,48.5,12.9,15.6,7.1,6.4,19.1,8.9,41.7,22.1,57.2,18.8,23.3,10.9,13.2,6.0,3.5,3.2,4.9,2.9,15.6,50.4,54.2,46.6,46.6,54.2,54.2,54.2,46.6,46.6,0.0,26.5,12.6,25.8,50.8,60.5,30.8,18.1,6.0,7.5,53.3,62.0,74.1,49.2,39.5,69.2,78.2,22.9,31.7,20.1,25.4,0.0,0.0,0.0,0.0,3.7,71.1,60.8,3000.0,30.00,30,38,38,32,38,490,1,55.9,52.3,44.4,43.4,42.9,43.8,47.2,47.8,44.9,41.8,40.3,38.1,41.9,41.9,50.2,45.1,46.3,46.3,49.1,1.252,1.240,1.100,25.260,14.353,25.330,83.500,7.313,65.251,2.709,1.773,2.978,4.262,5.230,3.263,2.442,0.787,0.933,31.736,17.795,57.575,64.888,2000.0,3000.0,5436.8,5436.8,5450.1,6.5,2.5,8.3,6.5,58.1,No,No,No,2.863,3.981,2.1,29,56,45,24,56,1.359,5.080,3.360,3.328,12.000,1.146,1.288,3.360,3.296,3.328,1.056,1.056,1.822,1.536,1.814,0.944,3.360,2.024,1309,1721,1088,1351,1273,54.6,51.0,39.5,1.515,1.455,1.800,1.800,1.005,5.040,0.500,No,No,No,40.8,1.515,1.455,1.800,1.815,1.005,5.040,0.625,No,No,No,53,53,53,95.0,100.0,No,No,50644,75673,38,97.0,100.0,No,No,32331,69813,0.0,0.2,0.2,0.010,0.120,9822,3689,0.0,0.0,0.0,0.000,0.000,0,0,47.2,56.0,0.990,8.417,12.161,12.115,0.975,0,0,0,66.225,19.882,5.655,61.025,41.339,25.637,15.702,25.322,9.924,3.915,6.009,4.293,300.000,350.000,2707.0,1750.1,2220.0,2714.4,2317.0,12.0,1.0,0.0,14.0,5.1,2.5,12.4,0.0,0.0,0.0,0.0,0,0,0,Yes,No,No,Yes,No,No,No,22.4,22.6,0,0,0,0,0,0,0,0,0,8,0,0,0,0,0,0,0,0,0,0,0,0,0,0,0,0,0,0,0,0,15473,830,529,41,32.0,45.2,46.2,3.312,5.062,12.031,115.000,0,1.625,4.312,10.750,5.383,21.832,129.336,156.551,164.000,174.982,89.5,0,0,0,0.0,354.7,402.1,328.4,75.8,143.5,54.5,354.7,430.3,309.4,90.6,154.2,71.9,2.82,3.09,2.48,1.52,6.94,18.36,0.28,0.13,2.70,0.11,0.28,42,57,4.0,208.2,0,
25.4.2026,10:40:7.298,12049,24333,33.1,8727,23687,26.9,0.0,3968,0,1.244,1.240,1.245,1.245,1.245,1.245,1.245,1.245,1.245,5329.6,5425.0,5425.0,5425.0,5425.0,5425.0,5425.0,4662.1,5425.0,100.0,1054.9,1052.6,534.2,1203.9,739.3,2147.4,1428.5,2893.5,1126.9,1595.3,764.4,1107.2,605.6,407.1,363.4,515.0,394.2,1054.9,18.3,12.8,9.2,22.1,12.7,38.4,24.1,52.4,18.7,29.1,12.8,20.6,10.5,7.5,6.6,9.4,7.0,52.4,18.3,21.5,14.7,10.9,25.2,15.1,45.0,29.2,61.2,22.9,33.4,15.5,23.2,12.4,8.5,7.5,10.7,8.1,21.5,53.3,54.2,54.2,54.2,54.2,54.2,54.2,46.6,54.2,0.0,32.4,20.0,31.5,53.7,61.9,38.3,28.4,11.1,14.3,53.3,80.0,68.5,46.3,38.1,61.7,71.6,25.4,34.9,14.3,0.0,0.0,0.0,0.0,0.0,0.0,63.5,50.8,3000.0,30.00,30,38,38,32,38,490,1,59.1,54.5,46.2,46.0,45.6,46.2,49.9,51.0,47.8,44.8,42.3,40.5,43.0,43.0,50.2,45.1,46.4,46.4,49.1,1.258,1.240,1.100,31.126,14.276,31.123,101.500,7.339,72.292,3.537,2.857,3.669,4.951,6.104,4.165,3.433,1.431,1.686,39.482,17.701,65.256,72.320,2000.0,3000.0,5436.1,5436.1,5450.1,7.2,3.1,10.1,7.2,60.5,No,No,No,1.805,1.721,2.6,29,60,44,24,60,1.376,5.040,3.360,3.344,12.000,1.146,1.296,3.360,3.296,3.344,1.056,1.056,1.837,1.536,1.814,0.944,3.360,2.032,1360,1826,1086,1373,1260,54.6,51.0,39.5,1.515,1.455,1.800,1.815,1.005,5.040,0.750,No,No,No,40.8,1.515,1.455,1.800,1.815,1.005,5.040,0.875,No,No,No,53,54,53,95.0,100.0,No,No,50644,75673,38,97.0,100.0,No,No,32331,69813,0.0,0.2,0.2,0.016,0.156,9822,3690,0.0,0.0,0.0,0.000,0.000,0,0,47.4,56.0,0.995,8.414,12.156,12.110,0.975,0,0,0,68.653,21.243,5.640,63.771,43.026,26.678,16.348,26.363,13.145,5.077,8.068,4.317,300.000,350.000,2722.0,1750.1,2220.0,2724.7,2317.0,15.0,2.0,0.0,23.0,5.1,2.8,14.1,0.0,0.0,0.0,0.0,0,0,0,Yes,No,No,Yes,No,No,No,23.1,23.0,0,0,0,0,0,0,0,0,0,8,0,0,0,0,0,0,0,0,0,0,0,0,0,0,0,0,0,0,0,0,15479,824,523,41,32.0,45.2,46.2,3.312,5.062,12.031,115.000,0,1.625,4.562,11.750,5.383,23.098,141.367,169.848,170.000,188.692,90.0,0,0,0,0.0,360.0,393.3,335.8,318.7,324.1,318.2,360.0,468.3,291.8,288.6,290.5,287.3,2.78,3.01,2.54,2.39,3.09,3.16,0.30,0.10,2.68,0.09,0.28,42,57,5.7,151.7,0,
25.4.2026,10:40:9.299,12146,24236,33.3,8816,23599,27.1,0.0,3968,0,1.266,1.270,1.265,1.265,1.265,1.265,1.265,1.265,1.265,5329.6,5425.0,5425.0,5425.0,5425.0,5425.0,5425.0,4662.1,5425.0,100.0,1070.1,1031.4,439.6,1133.2,585.5,2344.8,1888.5,3147.2,1364.5,1517.2,753.6,1002.7,430.1,294.1,265.9,518.7,404.4,1070.1,18.5,12.2,7.5,20.6,9.7,41.9,32.8,56.9,23.1,27.4,12.6,18.7,7.2,5.2,3.7,9.5,7.0,56.9,18.5,21.8,13.7,8.9,23.6,11.8,49.3,39.3,66.7,28.1,31.7,15.3,20.9,8.6,6.0,5.3,10.7,8.3,21.8,53.3,54.2,54.2,54.2,54.2,54.2,54.2,46.6,54.2,0.0,35.7,20.3,30.9,67.8,72.6,40.2,26.4,10.2,17.3,55.2,79.7,69.1,32.2,27.4,59.8,73.6,49.8,50.0,9.1,0.0,0.0,0.0,0.0,0.0,0.0,40.1,32.7,3000.0,30.00,30,38,38,32,38,490,1,61.2,56.0,50.8,46.4,45.7,45.6,52.7,52.4,47.8,44.3,42.2,40.6,42.9,42.9,50.8,45.1,46.4,46.4,49.2,1.261,1.240,1.100,32.744,14.268,32.738,95.000,7.335,74.156,3.807,2.793,3.433,6.278,6.889,4.165,3.239,1.620,2.037,41.437,17.691,67.197,74.229,2000.0,3000.0,5446.2,5446.2,5450.1,7.4,3.3,9.5,7.4,62.2,No,No,No,1.576,1.324,2.9,29,58,47,24,58,1.270,5.040,3.360,3.328,12.000,1.146,1.288,3.360,3.296,3.328,1.056,1.056,1.837,1.536,1.814,0.944,3.360,2.024,1480,1931,1200,1503,1365,54.6,51.0,39.5,1.515,1.455,1.800,1.815,1.005,5.040,0.875,No,No,No,40.8,1.515,1.455,1.800,1.815,1.005,5.040,1.000,No,No,No,53,53,53,95.0,100.0,No,No,50644,75673,38,97.0,100.0,No,No,32331,69813,0.0,0.1,0.1,0.016,0.120,9822,3690,0.0,0.0,0.0,0.000,0.000,0,0,47.4,56.0,0.995,8.412,12.152,12.109,0.975,0,0,0,69.404,21.200,5.626,63.609,42.925,26.615,16.310,26.288,13.149,5.069,8.080,4.330,300.000,350.000,2722.0,1750.1,2220.0,2726.8,2317.0,15.0,2.0,0.0,24.0,5.1,3.0,15.0,0.0,0.0,0.0,0.0,0,0,0,Yes,No,No,Yes,No,No,No,23.1,23.8,0,0,0,0,0,0,0,0,0,8,0,0,0,0,0,0,0,0,0,0,0,0,0,0,0,0,0,0,0,0,15479,824,523,41,32.0,45.2,46.2,3.312,5.062,12.031,115.000,0,1.625,4.500,14.000,5.383,22.781,168.438,196.602,182.000,216.362,90.9,0,0,0,0.0,360.0,393.8,331.2,327.6,328.9,326.6,360.0,517.7,276.1,275.7,275.8,275.6,2.78,2.99,2.58,2.45,3.03,3.06,0.29,0.07,2.68,0.09,0.36,42,58,3.4,376.0,0,
25.4.2026,10:40:11.302,12122,24260,33.3,8810,23604,27.1,0.0,3968,0,1.141,1.140,1.145,1.140,1.140,1.140,1.140,1.140,1.140,5072.8,5205.0,4676.4,5205.0,5205.0,5205.0,5205.0,4676.4,5205.0,100.0,729.0,696.3,269.0,896.4,504.8,1709.2,1161.7,1391.4,1508.8,1189.1,424.4,731.8,446.0,163.4,144.6,258.9,168.1,729.0,12.4,7.7,4.2,16.4,8.4,30.0,19.0,24.1,26.0,21.8,6.7,13.5,7.6,2.8,3.1,4.4,2.7,30.0,12.4,14.6,9.0,5.2,18.5,10.2,35.5,23.4,28.9,30.8,24.7,8.4,15.2,9.0,3.3,2.9,5.3,3.3,14.6,50.7,52.0,46.8,52.0,52.0,52.0,52.0,46.8,52.0,0.0,25.2,13.7,26.7,46.4,47.4,30.2,22.8,5.9,8.3,58.8,86.3,73.3,53.6,52.6,69.8,77.2,22.2,35.2,16.1,0.0,0.0,0.0,0.0,0.0,0.0,71.9,56.5,3000.0,30.00,30,38,38,32,38,490,1,59.0,52.1,41.9,43.1,43.4,43.3,46.7,45.6,45.0,41.9,40.6,38.4,41.8,41.8,50.5,44.9,46.4,46.4,49.1,1.228,1.240,1.100,23.697,14.142,23.716,71.000,7.308,62.072,2.542,2.067,2.830,3.776,4.138,3.151,2.582,0.774,1.020,29.394,17.536,54.968,61.950,2000.0,3000.0,5377.4,5377.4,5400.3,6.2,2.4,7.1,6.2,57.9,No,No,No,0.625,0.680,2.0,29,60,50,24,60,1.243,5.040,3.344,3.328,12.000,1.146,1.288,3.360,3.296,3.328,1.056,1.056,1.822,1.527,1.814,0.944,3.360,2.024,1493,1936,1171,1508,1377,54.6,51.0,39.5,1.500,1.455,1.800,1.815,1.005,5.040,0.875,No,No,No,40.8,1.515,1.455,1.800,1.815,1.005,5.040,0.500,No,No,No,53,54,53,95.0,100.0,No,No,50644,75673,38,97.0,100.0,No,No,32331,69813,0.1,0.1,0.2,0.151,0.020,9822,3690,0.0,0.0,0.0,0.000,0.000,0,0,47.4,56.0,0.995,8.413,12.153,12.111,0.975,0,0,0,69.271,21.268,5.651,63.835,43.073,26.714,16.359,26.387,13.161,5.068,8.093,4.336,300.000,350.000,2722.0,1750.1,2220.0,2727.3,2317.0,15.0,2.0,0.0,24.0,5.0,3.0,14.9,0.0,0.0,0.0,0.0,0,0,0,Yes,No,No,Yes,No,No,No,23.2,23.7,0,0,0,0,0,0,0,0,0,8,0,0,0,0,0,0,0,0,0,0,0,0,0,0,0,0,0,0,0,0,15491,812,511,41,32.0,45.2,46.2,3.312,5.062,12.031,115.000,0,1.625,4.312,12.000,5.383,21.832,144.375,171.590,166.000,190.491,90.1,0,0,0,0.0,360.0,385.2,335.8,334.1,334.9,333.7,360.0,575.5,261.9,258.8,260.6,257.4,2.78,2.96,2.59,2.57,2.98,2.99,0.30,0.07,2.68,0.10,0.43,42,58,3.2,252.6,0,
25.4.2026,10:40:13.303,12088,24294,33.2,8785,23629,27.1,0.0,3968,0,1.142,1.130,1.140,1.140,1.145,1.145,1.145,1.145,1.145,5006.8,4676.4,5205.0,5205.0,5205.0,5205.0,5205.0,4676.4,4676.4,100.0,492.3,345.0,147.9,569.6,337.6,767.4,1371.2,675.4,1515.0,786.9,275.0,471.9,364.6,15.7,82.3,59.9,92.0,492.3,8.7,3.5,2.3,11.0,5.8,13.2,24.3,11.2,27.5,15.2,4.8,9.3,6.7,0.0,1.5,0.9,1.5,27.5,8.7,9.8,3.9,2.8,11.7,6.8,15.5,28.0,13.5,31.2,16.3,5.5,9.9,7.4,0.3,1.7,1.1,1.8,9.8,50.1,46.8,52.0,52.0,52.0,52.0,52.0,46.8,46.8,0.0,18.0,7.2,18.7,36.7,37.3,21.7,17.4,2.0,3.2,61.0,92.8,81.3,63.3,62.7,78.3,82.6,5.1,21.6,21.0,0.0,0.0,0.0,0.0,0.0,0.0,93.0,75.1,3000.0,30.00,30,38,38,32,38,490,1,56.8,50.2,42.5,38.7,39.3,38.8,41.1,40.0,40.1,37.6,37.3,35.0,38.8,38.8,50.2,44.7,46.2,46.2,49.1,1.139,1.240,1.100,15.327,14.041,15.322,43.500,7.276,49.746,1.389,1.087,1.627,2.104,2.483,1.867,1.565,0.145,0.230,17.427,17.410,42.842,49.742,2000.0,3000.0,5207.1,5207.1,5209.9,5.0,1.5,4.3,5.0,55.8,No,No,No,0.190,0.160,1.4,29,58,47,24,58,1.154,5.080,3.360,3.328,12.000,1.146,1.288,3.360,3.296,3.328,1.056,1.056,1.822,1.527,1.814,0.944,3.360,2.024,1521,1962,1209,1557,1445,54.6,51.0,39.5,1.515,1.455,1.800,1.815,1.005,5.040,0.500,No,No,No,40.8,1.515,1.455,1.800,1.815,1.005,5.040,0.750,No,No,No,53,53,53,95.0,100.0,No,No,50644,75673,38,97.0,100.0,No,No,32331,69813,0.0,0.0,0.0,0.000,0.012,9822,3690,0.0,0.0,0.0,0.000,0.000,0,0,47.4,56.0,0.995,8.414,12.156,12.111,0.975,0,0,0,69.375,21.230,5.640,63.681,42.972,26.646,16.326,26.331,13.144,5.066,8.078,4.411,300.000,350.000,2722.0,1750.1,2220.0,2725.4,2317.0,15.0,2.0,0.0,24.0,5.0,3.0,15.0,0.0,0.0,0.0,0.0,0,0,0,Yes,No,No,Yes,No,No,No,23.1,23.4,0,0,0,0,0,0,0,0,0,8,0,0,0,0,0,0,0,0,0,0,0,0,0,0,0,0,0,0,0,0,15491,812,511,41,32.0,45.2,46.2,3.312,5.062,12.031,115.000,0,1.625,4.312,11.250,5.383,21.832,135.352,162.566,160.000,181.181,89.7,0,0,0,0.0,360.0,382.2,338.0,334.9,335.8,334.4,359.5,650.7,249.1,248.4,248.8,248.3,2.78,2.98,2.59,2.54,3.02,3.08,0.30,0.04,2.68,0.10,0.51,42,58,1.0,0.1,0,
25.4.2026,10:40:15.296,12208,24174,33.5,8913,23501,27.4,0.0,3968,0,1.245,1.245,1.245,1.245,1.245,1.245,1.245,1.245,1.245,5043.6,5425.0,5425.0,5425.0,5425.0,4662.1,4662.1,4662.1,4662.1,100.0,666.4,533.9,290.0,624.5,432.7,1260.3,1424.4,778.3,2638.3,694.1,677.1,474.7,396.3,59.6,125.6,105.2,147.3,666.4,11.9,5.1,5.4,11.9,7.9,22.0,24.7,13.3,48.2,13.2,12.3,9.4,7.4,2.1,2.6,2.1,2.9,48.2,11.9,13.4,5.4,5.8,12.8,8.8,25.9,29.1,15.8,55.5,14.3,13.9,9.8,8.0,1.2,2.6,2.1,3.0,13.4,50.4,54.2,54.2,54.2,54.2,46.6,46.6,46.6,46.6,0.0,23.3,10.9,20.7,44.6,57.8,26.2,17.4,3.4,5.0,56.3,81.0,79.3,55.4,42.2,73.8,82.6,7.7,28.0,20.5,8.0,0.0,0.0,0.0,0.0,0.0,88.8,66.9,3000.0,30.00,30,38,38,32,38,490,1,55.4,50.9,45.2,41.3,41.4,41.6,44.2,45.7,42.5,40.2,38.4,36.5,40.5,40.5,50.8,45.0,46.3,46.3,49.1,1.219,1.240,1.100,21.957,14.285,21.953,83.000,7.298,59.801,2.250,1.688,2.370,3.364,4.723,2.706,2.207,0.336,0.607,26.945,17.710,52.683,59.860,2000.0,3000.0,5376.4,5376.4,5385.3,6.0,2.2,8.3,6.0,56.5,No,No,No,2.527,3.673,1.9,29,56,45,24,56,1.270,5.080,3.360,3.328,12.000,1.146,1.288,3.360,3.296,3.328,1.056,1.056,1.822,1.536,1.814,0.944,3.360,2.024,1407,1783,1175,1481,1363,54.6,51.0,39.5,1.515,1.455,1.815,1.815,1.005,5.040,0.500,No,No,No,40.8,1.515,1.455,1.815,1.815,1.005,5.040,0.500,No,No,No,53,53,53,95.0,100.0,No,No,50644,75673,38,97.0,100.0,No,No,32331,69813,0.0,0.1,0.1,0.000,0.073,9822,3690,0.0,0.0,0.0,0.000,0.000,0,0,47.4,56.0,0.995,8.411,12.152,12.107,0.975,0,0,0,69.294,22.791,5.651,63.636,42.954,26.634,16.320,26.307,13.143,5.063,8.080,20.121,300.000,350.000,2722.0,1750.1,2220.0,2724.4,2317.0,14.0,2.0,0.0,21.0,5.0,3.0,14.8,0.0,0.0,0.0,0.0,0,0,0,Yes,No,No,Yes,No,No,No,23.1,23.8,0,0,0,0,0,0,0,0,0,8,0,0,0,0,0,0,0,0,0,0,0,0,0,0,0,0,0,0,0,0,15483,820,519,42,32.0,45.2,46.2,3.312,5.062,12.031,115.000,0,1.625,4.312,11.500,5.383,21.832,138.359,165.574,164.000,184.283,89.8,0,0,0,0.0,353.8,394.4,328.2,70.2,136.6,49.9,353.8,724.8,238.4,90.3,136.9,71.9,2.83,3.05,2.55,2.32,7.32,20.02,0.28,0.09,2.72,0.11,0.44,42,58,1.4,0.5,0,
25.4.2026,10:40:17.297,12326,24056,33.8,8967,23447,27.6,0.0,3968,0,1.287,1.255,1.290,1.290,1.285,1.295,1.295,1.295,1.295,5425.0,5425.0,5425.0,5425.0,5425.0,5425.0,5425.0,5425.0,5425.0,100.0,800.8,730.1,333.2,903.8,606.3,1298.5,1642.4,1334.6,2002.9,1015.3,724.0,745.8,541.5,192.8,224.2,293.6,224.0,800.8,13.6,7.8,5.1,16.7,10.6,22.6,28.2,23.0,34.9,17.9,12.2,13.6,9.5,3.2,4.0,4.9,3.8,34.9,13.6,15.7,8.6,6.6,18.6,12.3,26.8,33.5,27.5,41.0,20.2,14.2,14.9,10.6,3.3,4.2,5.3,4.1,15.7,54.2,54.2,54.2,54.2,54.2,54.2,54.2,54.2,54.2,0.0,26.7,14.3,28.1,47.3,53.6,30.7,23.7,6.8,8.9,57.9,85.7,71.9,52.7,46.4,69.3,76.3,22.6,38.6,15.4,0.0,0.0,0.0,0.0,0.0,0.0,70.6,52.5,3000.0,30.00,30,38,38,32,38,490,1,56.2,51.8,64.6,43.1,43.1,43.6,46.6,47.1,44.6,42.0,40.1,38.1,41.5,41.5,50.8,45.3,46.3,46.3,49.0,1.251,1.240,1.100,25.838,14.160,25.748,86.000,7.304,64.261,2.842,2.239,3.110,4.070,4.955,3.375,2.861,0.957,1.172,32.430,17.557,58.021,64.893,2000.0,3000.0,5438.2,5438.2,5450.1,6.5,2.6,8.6,6.5,57.6,No,No,No,1.011,1.072,2.1,29,55,44,24,55,1.279,5.040,3.344,3.328,12.000,1.146,1.288,3.360,3.296,3.328,1.056,1.056,1.837,1.536,1.814,0.944,3.360,2.024,1360,1785,1125,1391,1306,54.6,51.0,39.5,1.515,1.455,1.815,1.815,1.005,5.040,0.875,No,No,No,40.8,1.515,1.455,1.815,1.800,1.005,5.040,0.750,No,No,No,53,53,53,95.0,100.0,No,No,50644,75673,38,97.0,100.0,No,No,32331,69813,0.1,0.2,0.3,0.032,0.204,9822,3690,0.0,0.0,0.0,0.000,0.000,0,0,47.5,56.0,0.995,8.418,12.162,12.116,0.975,0,0,0,68.687,21.292,5.680,63.975,43.180,26.775,16.405,26.448,13.062,5.038,8.024,4.336,300.000,350.000,2722.0,1750.1,2220.0,2723.2,2317.0,15.0,2.0,0.0,24.0,5.0,2.9,14.7,0.0,0.0,0.0,0.0,0,0,0,Yes,No,No,Yes,No,No,No,23.2,23.1,0,0,0,0,0,0,0,0,0,8,0,0,0,0,0,0,0,0,0,0,0,0,0,0,0,0,0,0,0,0,15490,813,513,41,32.0,45.2,46.2,3.312,5.062,12.031,115.000,0,1.625,4.375,11.750,5.383,22.148,141.367,168.898,178.000,187.713,90.0,0,0,0,0.0,360.1,387.3,337.7,329.7,333.8,327.5,360.0,394.8,331.5,330.6,331.0,330.6,2.78,2.97,2.57,2.51,3.00,3.04,0.29,0.06,2.69,0.09,0.11,42,58,3.6,31.1,0,
25.4.2026,10:40:19.294,12250,24132,33.6,8934,23480,27.5,0.0,3968,0,1.254,1.250,1.255,1.255,1.255,1.255,1.255,1.255,1.255,5234.3,5425.0,5425.0,5425.0,5425.0,5425.0,5425.0,4662.1,4662.1,100.0,1803.8,2071.3,1131.4,2120.9,1362.9,2878.7,2652.5,2816.0,2846.4,2099.2,1898.5,1834.9,1141.4,1095.8,752.0,1113.2,1045.7,1803.8,30.9,22.7,19.9,37.8,23.2,51.3,46.5,50.1,50.8,37.4,33.3,32.7,19.6,18.9,12.4,19.8,18.2,51.3,30.9,36.9,27.4,23.3,44.7,28.1,60.8,55.5,59.4,60.2,44.7,39.8,38.7,23.8,23.2,15.8,23.7,21.8,36.9,52.3,54.2,54.2,54.2,54.2,54.2,54.2,46.6,46.6,0.0,53.0,38.6,54.1,76.5,80.5,61.6,48.0,29.8,35.0,40.9,61.4,45.9,23.5,19.5,38.4,52.0,42.0,44.6,6.1,0.0,0.0,0.0,0.0,0.0,0.0,28.2,20.4,3000.0,30.00,30,38,38,32,38,490,1,64.6,61.5,44.6,53.5,52.2,53.4,59.2,58.8,56.2,51.9,49.0,47.2,46.8,46.8,50.5,45.3,46.6,46.6,49.1,1.279,1.239,1.100,45.651,14.601,45.738,102.500,7.392,93.045,5.565,4.542,5.689,7.576,8.080,6.361,5.141,3.391,3.737,58.757,18.098,84.986,92.506,2000.0,3000.0,5446.3,5446.3,5450.1,9.3,4.6,10.2,9.3,68.4,No,No,No,4.812,5.552,4.2,29,65,49,24,65,1.323,5.040,3.360,3.328,12.000,1.146,1.288,3.360,3.296,3.328,1.056,1.056,1.837,1.536,1.814,0.944,3.360,2.024,1396,1792,1080,1311,1255,54.6,51.0,39.5,1.515,1.455,1.815,1.800,1.005,5.040,0.875,No,No,No,40.8,1.515,1.455,1.815,1.800,1.005,5.040,0.500,No,No,No,53,53,53,95.0,100.0,No,No,50644,75673,38,97.0,100.0,No,No,32331,69813,0.0,0.4,0.4,0.008,0.241,9822,3691,0.0,0.0,0.0,0.000,0.000,0,0,47.4,56.0,0.995,8.410,12.148,12.106,0.975,0,0,0,68.327,21.233,5.637,63.810,43.046,26.692,16.354,26.377,13.037,5.003,8.034,4.342,300.000,350.000,2730.0,1750.1,2220.0,2724.5,2317.0,15.0,2.0,0.0,24.0,5.0,2.9,14.4,0.0,0.0,0.0,0.0,0,0,0,Yes,No,No,Yes,No,No,No,23.1,23.1,0,0,0,0,0,0,0,0,0,8,0,0,0,0,0,0,0,0,0,0,0,0,0,0,0,0,0,0,0,0,15489,814,513,41,32.0,45.2,46.2,3.312,5.062,12.031,115.000,0,1.625,4.500,13.250,5.383,22.781,159.414,187.578,184.000,207.017,90.6,0,0,0,0.0,354.8,403.5,324.5,80.2,149.6,57.7,354.8,426.9,310.1,108.6,157.1,89.9,2.82,3.03,2.52,2.25,6.60,17.22,0.28,0.11,2.71,0.11,0.27,42,59,4.9,213.1,0,
25.4.2026,10:40:21.303,12271,24111,33.7,8967,23447,27.6,0.0,3968,0,1.243,1.255,1.230,1.230,1.230,1.230,1.255,1.255,1.255,5138.9,5425.0,5425.0,5425.0,5425.0,5425.0,4662.1,4662.1,4662.1,100.0,898.0,974.4,510.3,1034.0,657.8,1257.1,1865.6,1890.2,1354.7,738.1,1235.6,930.4,549.9,345.4,286.3,423.8,314.6,898.0,15.0,10.6,8.5,18.5,10.8,21.1,32.0,33.1,22.8,12.3,21.9,16.9,9.2,6.4,4.5,7.0,4.9,33.1,15.0,18.1,12.8,10.6,21.5,13.4,25.9,38.4,39.4,27.7,15.4,25.4,19.4,11.3,7.2,5.9,8.8,6.4,18.1,51.4,54.2,54.2,54.2,54.2,54.2,46.6,46.6,46.6,0.0,28.1,18.9,28.8,47.7,50.3,33.2,25.2,9.5,11.4,57.0,81.1,71.2,52.3,49.7,66.8,74.8,22.5,37.2,14.9,0.0,0.0,0.0,0.0,0.0,0.0,68.0,51.3,3000.0,30.00,30,38,38,32,38,490,1,62.5,53.1,46.1,44.2,44.4,44.5,47.6,47.1,45.9,43.2,41.4,39.5,42.1,42.1,50.8,45.1,46.4,46.4,49.1,1.240,1.240,1.100,26.819,14.192,26.826,102.500,7.316,66.264,2.956,2.555,3.218,4.115,4.620,3.547,2.997,1.185,1.414,33.561,17.596,59.205,66.201,2000.0,3000.0,5401.7,5401.7,5417.5,6.6,2.7,10.2,6.6,59.0,No,No,No,0.874,1.093,2.2,29,63,52,24,63,1.270,5.040,3.360,3.328,12.000,1.146,1.288,3.360,3.296,3.328,1.056,1.056,1.837,1.536,1.814,0.944,3.360,2.032,1666,2280,1309,1677,1534,54.6,51.0,39.5,1.515,1.455,1.815,1.800,1.005,5.110,0.875,No,No,No,41.0,1.515,1.455,1.815,1.800,1.005,5.040,0.500,No,No,No,53,53,53,95.0,100.0,No,No,50644,75673,38,97.0,100.0,No,No,32331,69813,0.0,0.1,0.1,0.008,0.038,9822,3691,0.0,0.0,0.0,0.000,0.000,0,0,47.4,56.0,0.995,8.420,12.161,12.125,0.975,0,0,0,69.166,21.254,5.667,63.825,43.082,26.713,16.369,26.398,13.029,5.003,8.026,4.429,300.000,350.000,2722.0,1750.1,2220.0,2725.7,2317.0,15.0,2.0,0.0,23.0,5.0,2.9,14.6,0.0,0.0,0.0,0.0,0,0,0,Yes,No,No,Yes,No,No,No,23.2,23.5,0,0,0,0,0,0,0,0,0,8,0,0,0,0,0,0,0,0,0,0,0,0,0,0,0,0,0,0,0,0,15490,813,512,41,32.0,45.2,46.2,3.312,5.062,12.031,115.000,0,1.562,4.312,11.750,5.176,21.832,141.367,168.375,164.000,187.172,90.0,0,0,0,0.0,360.0,390.4,335.7,327.9,331.7,326.9,359.8,467.3,293.0,292.4,292.6,292.3,2.78,3.00,2.57,2.44,3.05,3.13,0.30,0.09,2.69,0.09,0.27,42,59,8.1,105.8,0,
25.4.2026,10:40:23.301,12179,24204,33.4,8861,23553,27.3,0.0,3968,0,1.273,1.255,1.275,1.275,1.275,1.275,1.275,1.275,1.275,5329.6,5425.0,4662.1,5425.0,5425.0,5425.0,5425.0,5425.0,5425.0,100.0,625.6,573.9,208.4,783.3,349.7,931.1,1675.0,1882.4,880.0,322.7,1023.8,617.9,344.1,63.3,96.5,130.2,127.4,625.6,11.2,6.9,4.0,15.0,6.4,16.0,29.3,33.8,14.8,5.7,19.4,12.2,6.6,1.3,2.8,2.6,2.5,33.8,11.2,12.5,7.6,4.2,16.2,7.0,18.9,34.3,39.1,17.6,6.5,21.2,12.8,7.0,1.2,2.0,2.6,2.5,12.5,53.3,54.2,46.6,54.2,54.2,54.2,54.2,54.2,54.2,0.0,22.3,11.6,22.6,43.6,46.3,26.2,19.6,3.1,5.3,60.3,88.4,77.4,56.4,53.7,73.8,80.4,17.8,34.4,17.4,0.0,0.0,0.0,0.0,0.0,0.0,79.0,60.2,3000.0,30.00,30,38,38,32,38,490,1,59.5,50.8,54.0,41.0,41.4,41.3,44.1,43.2,42.4,40.0,38.6,36.8,40.1,40.1,49.8,44.9,46.3,46.3,49.1,1.205,1.240,1.100,20.566,14.123,20.526,68.000,7.295,57.202,2.088,1.718,2.365,3.231,3.503,2.589,2.168,0.437,0.695,24.960,17.512,50.496,57.377,2000.0,3000.0,5350.0,5350.0,5349.2,5.7,2.1,6.8,5.7,56.5,No,No,No,0.447,0.474,1.8,29,61,50,24,61,1.146,5.040,3.360,3.328,12.000,1.146,1.288,3.360,3.296,3.328,1.056,1.056,1.822,1.527,1.814,0.944,3.360,2.032,1664,2076,1331,1713,1557,54.6,51.0,39.5,1.500,1.455,1.815,1.800,1.005,5.040,0.500,No,No,No,41.0,1.515,1.455,1.815,1.800,1.005,5.040,0.625,No,No,No,53,53,53,95.0,100.0,No,No,50644,75673,38,97.0,100.0,No,No,32331,69813,1.3,0.0,1.3,0.989,0.000,9824,3691,0.0,0.0,0.0,0.000,0.000,0,0,47.4,56.0,0.995,8.417,12.157,12.119,0.975,0,0,0,69.528,21.271,5.677,63.927,43.153,26.757,16.396,26.430,13.018,5.003,8.015,4.330,300.000,350.000,2722.0,1750.1,2220.0,2725.1,2317.0,15.0,2.0,0.0,24.0,5.0,3.0,15.0,0.0,0.0,0.0,0.0,0,0,0,Yes,No,No,Yes,No,No,No,23.2,23.3,0,0,0,0,0,0,0,0,0,8,0,0,0,0,0,0,0,0,0,0,0,0,0,0,0,0,0,0,0,0,15490,813,512,41,32.0,45.2,46.2,3.312,5.062,12.031,115.000,0,1.625,4.312,11.750,5.383,21.832,141.367,168.582,172.000,187.386,90.0,0,0,0,0.0,360.0,382.3,339.1,329.2,333.4,327.7,360.0,514.5,277.0,276.2,276.5,276.1,2.78,2.97,2.57,2.45,3.02,3.07,0.29,0.07,2.68,0.10,0.35,42,59,1.0,0.1,0,
25.4.2026,10:40:25.296,12126,24256,33.3,8825,23589,27.2,0.0,3968,0,1.145,1.145,1.145,1.145,1.145,1.145,1.145,1.145,1.145,5006.8,4676.4,5205.0,5205.0,5205.0,5205.0,5205.0,4676.4,4676.4,100.0,707.9,681.1,382.0,872.9,399.9,1210.5,1572.1,1848.8,1014.4,458.7,1092.6,399.5,701.5,127.2,176.9,175.7,212.1,707.9,12.1,5.4,7.1,16.4,7.0,21.0,26.9,33.0,17.0,7.8,20.2,7.2,13.4,1.5,2.6,3.1,3.8,33.0,12.1,14.0,6.3,7.8,18.0,8.0,25.0,31.8,38.5,20.5,9.3,22.5,8.2,14.4,2.5,3.7,3.5,4.2,14.0,50.1,46.8,52.0,52.0,52.0,52.0,52.0,46.8,46.8,0.0,24.1,13.5,24.4,45.0,46.7,29.0,21.4,5.7,7.4,60.4,86.5,75.6,55.0,53.3,71.0,78.6,23.2,39.8,15.5,0.0,0.0,0.0,0.0,0.0,0.0,71.0,52.7,3000.0,30.00,30,38,38,32,38,490,1,57.8,51.7,43.4,42.3,42.5,42.7,45.7,45.0,43.8,41.3,39.8,38.0,41.0,41.0,50.8,45.0,46.4,46.4,49.1,1.217,1.240,1.100,22.869,14.135,22.909,78.500,7.299,60.999,2.419,1.956,2.667,3.604,4.016,2.923,2.416,0.783,0.991,28.202,17.527,53.758,60.753,2000.0,3000.0,5364.8,5364.8,5368.7,6.1,2.3,7.8,6.1,57.5,No,No,No,0.520,0.463,1.9,29,59,48,24,59,1.243,5.040,3.360,3.328,12.000,1.146,1.288,3.360,3.296,3.328,1.056,1.056,1.837,1.536,1.814,0.944,3.360,2.024,1557,1950,1243,1571,1412,54.6,51.0,39.5,1.515,1.455,1.815,1.800,1.005,5.040,0.500,No,No,No,41.0,1.515,1.455,1.815,1.800,1.005,5.040,0.375,No,No,No,53,54,53,95.0,100.0,No,No,50644,75673,38,97.0,100.0,No,No,32331,69813,0.9,0.2,1.1,0.669,0.449,9826,3692,0.0,0.0,0.0,0.000,0.000,0,0,47.4,56.0,0.995,8.420,12.163,12.122,0.975,0,0,0,69.737,21.342,5.705,64.172,43.321,26.860,16.461,26.533,13.014,4.976,8.038,4.342,300.000,350.000,2722.0,1750.1,2220.0,2727.3,2317.0,15.0,2.0,0.0,24.0,5.0,3.0,15.0,0.0,0.0,0.0,0.0,0,0,0,Yes,No,No,Yes,No,No,No,23.3,23.7,0,0,0,0,0,0,0,0,0,8,0,0,0,0,0,0,0,0,0,0,0,0,0,0,0,0,0,0,0,0,15494,809,509,41,32.0,45.2,46.2,3.312,5.062,12.031,115.000,0,1.688,4.312,11.750,5.590,21.832,141.367,168.789,170.000,187.600,90.0,0,0,0,0.0,359.9,387.8,335.4,332.3,333.1,332.1,360.0,571.7,262.7,261.8,262.2,261.7,2.78,3.00,2.59,2.53,3.03,3.07,0.29,0.06,2.68,0.10,0.42,42,59,1.4,213.4,0,
25.4.2026,10:40:27.291,11988,24394,32.9,8636,23778,26.6,0.0,3968,0,1.271,1.290,1.275,1.275,1.265,1.265,1.265,1.265,1.265,5425.0,5425.0,5425.0,5425.0,5425.0,5425.0,5425.0,5425.0,5425.0,100.0,1019.8,1084.0,652.0,1246.7,755.1,1610.0,1806.5,1987.2,1470.6,865.8,1290.2,774.0,982.9,447.0,388.4,522.4,433.9,1019.8,17.5,11.3,11.4,22.7,13.0,28.3,31.5,35.0,25.4,14.9,23.4,13.4,17.9,8.2,7.3,8.8,7.2,35.0,17.5,20.6,13.9,13.6,26.0,15.7,33.6,37.2,41.0,30.4,18.2,26.8,16.1,20.5,9.4,8.2,10.9,8.9,20.6,54.2,54.2,54.2,54.2,54.2,54.2,54.2,54.2,54.2,0.0,30.6,20.9,32.0,51.2,50.5,34.8,28.7,12.5,14.3,54.6,79.1,68.0,48.8,49.5,65.2,71.3,18.6,36.4,14.8,0.0,0.0,0.0,0.0,0.0,0.0,69.0,49.2,3000.0,30.00,30,38,38,32,38,490,1,60.8,52.9,57.9,43.2,43.4,43.8,46.6,45.7,44.7,42.3,40.5,38.8,40.7,40.7,50.5,45.2,46.3,46.3,49.1,1.190,1.240,1.100,26.592,14.217,26.543,100.500,7.319,64.857,2.924,2.506,3.256,4.072,4.321,3.376,2.943,1.334,1.587,32.537,17.628,58.217,65.182,2000.0,3000.0,5303.6,5303.6,5300.1,6.5,2.7,10.0,6.5,58.8,No,No,No,1.676,0.978,2.4,29,57,46,24,57,1.146,5.040,3.360,3.328,12.096,1.146,1.288,3.360,3.296,3.328,1.056,1.056,1.837,1.536,1.814,0.944,3.360,2.024,1478,1885,1174,1498,1394,54.6,51.0,39.5,1.515,1.455,1.815,1.800,1.005,5.040,0.500,No,No,No,40.8,1.515,1.455,1.800,1.800,1.005,5.040,0.500,No,No,No,53,53,53,95.0,100.0,No,No,50644,75673,38,97.0,100.0,No,No,32331,69813,0.0,0.1,0.1,0.009,0.059,9826,3692,0.0,0.0,0.0,0.000,0.000,0,0,47.5,56.0,0.995,8.420,12.165,12.121,0.975,0,0,0,69.621,21.285,5.693,63.974,43.184,26.773,16.411,26.458,13.009,4.990,8.019,4.342,300.000,350.000,2722.0,1750.1,2220.0,2725.7,2317.0,15.0,2.0,0.0,23.0,5.0,3.0,14.9,0.0,0.0,0.0,0.0,0,0,0,Yes,No,No,Yes,No,No,No,23.2,23.8,0,0,0,0,0,0,0,0,0,8,0,0,0,0,0,0,0,0,0,0,0,0,0,0,0,0,0,0,0,0,15494,809,509,41,32.0,45.2,46.2,3.312,5.062,12.031,115.000,0,1.625,4.312,11.000,5.383,21.832,132.344,159.559,160.000,178.081,89.6,0,0,0,0.0,360.0,406.3,323.9,305.4,313.5,302.4,359.5,648.8,249.5,248.9,249.1,248.8,2.78,3.03,2.48,2.34,3.12,3.25,0.29,0.11,2.68,0.10,0.51,42,59,4.5,34.2,0,
25.4.2026,10:40:29.293,12043,24339,33.1,8728,23686,26.9,0.0,3968,0,1.257,1.265,1.255,1.255,1.255,1.255,1.255,1.255,1.265,5329.6,5425.0,5425.0,5425.0,5425.0,5425.0,5425.0,5425.0,4662.1,100.0,884.4,840.6,500.4,1059.1,485.5,2015.5,1468.0,2783.4,986.2,787.3,1101.6,434.0,758.6,168.5,251.2,245.2,265.4,884.4,15.1,6.2,9.1,19.4,8.4,35.7,24.8,50.3,16.6,13.6,19.8,7.7,14.1,3.0,4.6,4.3,4.7,50.3,15.1,17.7,7.3,10.3,21.9,9.8,42.2,29.9,58.9,20.0,16.1,22.7,8.9,15.6,3.4,5.2,4.9,5.4,17.7,53.3,54.2,54.2,54.2,54.2,54.2,54.2,54.2,46.6,0.0,29.9,16.4,28.9,56.5,62.5,34.6,23.0,7.9,9.8,58.1,82.7,71.1,43.5,37.5,65.4,77.0,33.9,53.8,11.9,0.9,0.0,0.0,0.0,0.0,0.0,58.2,36.4,3000.0,30.00,30,38,38,32,38,490,1,59.1,53.5,58.4,45.1,44.6,45.3,49.6,50.0,46.5,43.5,41.5,39.8,42.7,42.7,50.5,45.1,46.4,46.4,49.1,1.257,1.240,1.100,28.660,14.327,28.669,88.000,7.311,69.064,3.184,2.423,3.281,4.962,5.766,3.625,2.845,1.120,1.453,36.102,17.762,61.907,69.053,2000.0,3000.0,5439.8,5439.8,5450.1,6.9,2.9,8.8,6.9,59.4,No,No,No,2.217,2.768,2.4,29,60,49,24,60,1.279,5.040,3.360,3.328,12.000,1.146,1.288,3.360,3.296,3.328,1.056,1.056,1.822,1.536,1.814,0.944,3.360,2.032,1396,1767,1150,1445,1352,54.6,51.0,39.5,1.515,1.455,1.800,1.815,1.005,5.040,0.750,No,No,No,41.0,1.515,1.455,1.800,1.815,1.005,5.040,0.500,No,No,No,53,53,53,95.0,100.0,No,No,50644,75673,38,97.0,100.0,No,No,32331,69813,0.0,0.1,0.1,0.008,0.128,9826,3692,0.0,0.0,0.0,0.000,0.000,0,0,47.5,56.0,0.995,8.416,12.156,12.117,0.975,0,0,0,69.589,21.250,5.677,63.833,43.097,26.723,16.374,26.408,13.021,4.993,8.028,4.342,300.000,350.000,2722.0,1750.1,2220.0,2727.2,2317.0,15.0,2.0,0.0,23.0,5.0,3.0,14.8,0.0,0.0,0.0,0.0,0,0,0,Yes,No,No,Yes,No,No,No,23.2,23.5,0,0,0,0,0,0,0,0,0,8,0,0,0,0,0,0,0,0,0,0,0,0,0,0,0,0,0,0,0,0,15493,810,509,41,32.0,45.2,46.2,3.312,5.062,12.031,115.000,0,1.625,4.375,13.000,5.383,22.148,156.406,183.938,166.000,203.250,90.5,0,0,0,0.0,354.9,399.5,322.1,76.8,145.0,55.0,354.3,727.6,237.2,91.1,143.7,72.3,2.82,3.03,2.48,1.61,6.89,18.19,0.29,0.10,2.72,0.10,0.57,42,60,7.7,137.4,0,
25.4.2026,10:40:31.303,12227,24155,33.6,8888,23526,27.4,0.0,3968,0,1.273,1.275,1.270,1.270,1.270,1.275,1.275,1.275,1.275,5425.0,5425.0,5425.0,5425.0,5425.0,5425.0,5425.0,5425.0,5425.0,100.0,942.8,925.4,465.9,1082.8,560.1,2086.7,1465.4,1799.4,2132.6,1106.8,1098.1,549.2,720.7,337.8,228.1,175.9,349.5,942.8,16.2,8.1,8.5,19.7,9.6,36.8,25.2,31.9,38.0,19.4,19.9,9.6,13.2,5.9,4.0,2.9,6.1,38.0,16.2,18.9,9.7,9.5,22.4,11.4,43.6,30.1,37.5,44.7,22.9,22.7,11.2,14.8,7.0,4.7,3.5,7.0,18.9,54.2,54.2,54.2,54.2,54.2,54.2,54.2,54.2,54.2,0.0,32.2,18.1,31.0,57.6,65.1,40.6,24.5,10.7,10.2,56.9,81.9,69.0,42.4,34.9,59.4,75.5,36.3,55.7,10.9,0.0,0.0,0.0,0.0,0.0,0.0,53.0,34.1,3000.0,30.00,30,38,38,32,38,490,1,59.1,55.0,54.4,45.1,44.4,45.1,49.5,50.1,47.2,43.1,41.7,39.5,42.3,42.3,50.2,45.2,46.4,46.4,49.1,1.250,1.240,1.100,29.286,14.303,29.283,72.500,7.324,69.702,3.313,2.460,3.326,5.007,5.910,4.057,2.850,1.371,1.521,36.810,17.733,62.599,69.706,2000.0,3000.0,5418.9,5418.9,5438.1,7.0,2.9,7.2,7.0,61.1,No,No,No,1.825,2.897,2.6,29,60,49,24,60,1.279,5.040,3.360,3.328,12.000,1.146,1.288,3.360,3.296,3.328,1.056,1.056,1.837,1.536,1.814,0.944,3.360,2.032,1506,2023,1208,1541,1415,54.6,51.0,39.5,1.515,1.455,1.800,1.815,1.005,5.040,0.500,No,No,No,41.0,1.515,1.455,1.800,1.815,1.005,5.040,0.375,No,No,No,53,54,53,95.0,100.0,No,No,50644,75673,38,97.0,100.0,No,No,32331,69813,0.0,0.1,0.1,0.000,0.032,9826,3692,0.0,0.0,0.0,0.000,0.000,0,0,47.5,56.0,0.995,8.423,12.167,12.127,0.975,0,0,0,69.001,21.331,5.682,64.053,43.236,26.815,16.421,26.488,13.138,5.042,8.096,4.336,300.000,350.000,2722.0,1750.1,2220.0,2722.9,2317.0,15.0,2.0,0.0,24.0,5.0,2.9,14.4,0.0,0.0,0.0,0.0,0,0,0,Yes,No,No,Yes,No,No,No,23.2,23.6,0,0,0,0,0,0,0,0,0,8,0,0,0,0,0,0,0,0,0,0,0,0,0,0,0,0,0,0,0,0,15491,812,512,41,32.0,45.2,46.2,3.312,5.062,12.031,115.000,0,1.625,4.312,11.750,5.383,21.832,141.367,168.582,170.000,187.386,90.0,0,0,0,0.0,359.9,390.5,334.6,325.7,330.1,325.3,360.1,391.7,333.4,332.3,332.7,332.1,2.78,2.98,2.57,2.45,3.01,3.03,0.28,0.04,2.67,0.11,0.11,42,60,2.9,32.8,0,
25.4.2026,10:40:33.300,12209,24173,33.5,8882,23532,27.4,0.0,3968,0,1.145,1.145,1.145,1.145,1.145,1.145,1.145,1.145,1.145,5072.8,5205.0,5205.0,5205.0,5205.0,5205.0,5205.0,4676.4,4676.4,100.0,735.4,681.9,360.0,1030.0,400.0,1419.4,1387.2,1613.8,1304.6,730.4,928.4,516.2,652.1,145.9,181.2,196.8,218.9,735.4,12.7,5.6,6.7,19.0,7.1,24.4,24.3,27.9,23.2,12.5,17.5,9.1,12.6,2.0,2.9,3.6,4.2,27.9,12.7,14.6,6.6,7.4,21.2,8.0,29.2,28.4,33.4,26.9,14.8,19.2,10.5,13.5,2.9,3.8,3.9,4.4,14.6,50.7,52.0,52.0,52.0,52.0,52.0,52.0,46.8,46.8,0.0,25.4,13.3,27.3,45.9,48.3,31.0,22.8,6.2,8.0,59.2,86.7,72.7,54.1,51.7,69.0,77.2,26.5,36.0,15.4,0.0,0.0,0.0,0.0,0.0,0.0,67.3,56.0,3000.0,30.00,30,38,38,32,38,490,1,57.6,52.0,43.5,43.1,43.0,43.6,46.5,46.0,44.8,42.1,40.3,38.5,41.5,41.5,50.0,45.0,46.4,46.4,49.1,1.241,1.240,1.100,24.294,14.149,24.342,68.500,7.303,63.201,2.629,2.099,2.945,3.865,4.304,3.253,2.648,0.882,1.039,30.309,17.545,55.888,62.903,2000.0,3000.0,5401.9,5401.9,5430.7,6.3,2.4,6.8,6.3,57.8,No,No,No,0.638,0.526,2.0,29,58,47,24,58,1.305,5.040,3.360,3.328,12.096,1.146,1.288,3.360,3.296,3.328,1.056,1.056,1.822,1.527,1.814,0.944,3.360,2.032,1523,1962,1228,1553,1398,54.6,51.0,39.5,1.515,1.455,1.800,1.815,1.005,5.040,0.875,No,No,No,41.0,1.515,1.455,1.800,1.815,1.005,5.040,0.875,No,No,No,53,54,53,95.0,100.0,No,No,50644,75673,38,97.0,100.0,No,No,32331,69813,0.0,0.2,0.2,0.000,0.340,9826,3693,0.0,0.0,0.0,0.000,0.000,0,0,47.5,56.0,0.995,8.418,12.161,12.117,0.975,0,0,0,69.726,21.388,5.691,64.255,43.369,26.889,16.480,26.562,13.148,5.042,8.106,4.342,300.000,350.000,2722.0,1750.1,2220.0,2725.9,2317.0,15.0,2.0,0.0,24.0,5.0,3.0,14.9,0.0,0.0,0.0,0.0,0,0,0,Yes,No,No,Yes,No,No,No,23.2,23.7,0,0,0,0,0,0,0,0,0,8,0,0,0,0,0,0,0,0,0,0,0,0,0,0,0,0,0,0,0,0,15491,812,512,41,32.0,45.2,46.2,3.312,5.078,12.031,115.000,0,1.625,4.562,14.500,5.383,23.169,174.453,203.005,192.000,223.001,91.0,0,0,0,0.0,360.0,385.7,331.8,327.7,329.5,326.6,360.0,425.0,312.3,311.7,312.0,311.4,2.78,2.99,2.59,2.43,3.04,3.08,0.30,0.06,2.69,0.09,0.19,42,60,1.9,0.5,0,
25.4.2026,10:40:35.293,12207,24175,33.5,8881,23533,27.3,0.0,3968,0,1.145,1.145,1.145,1.145,1.145,1.145,1.145,1.145,1.145,5006.8,5205.0,4676.4,5205.0,5205.0,4676.4,5205.0,4676.4,5205.0,100.0,870.7,845.4,450.8,1126.0,448.0,1466.6,1796.3,1849.6,1492.7,820.8,1057.1,711.6,680.1,338.1,269.0,278.5,300.6,870.7,15.1,7.4,8.2,20.9,7.8,25.3,32.1,32.1,26.5,14.3,19.6,12.7,12.8,6.8,5.7,4.9,5.4,32.1,15.1,17.4,8.8,9.1,23.4,9.0,30.2,37.5,38.3,30.9,16.9,21.9,14.7,14.0,7.0,5.6,5.5,6.0,17.4,50.1,52.0,46.8,52.0,52.0,46.8,52.0,46.8,52.0,0.0,28.9,16.6,28.6,52.3,53.0,33.7,25.6,10.8,10.7,59.8,80.8,71.4,47.7,47.0,66.3,74.3,26.7,64.1,11.3,2.7,0.0,0.0,0.0,0.0,0.2,62.5,25.3,3000.0,30.00,30,38,38,32,38,490,1,57.0,52.2,42.5,43.7,43.6,43.8,47.5,46.4,45.4,42.6,41.0,39.2,41.7,41.7,50.5,45.0,46.4,46.4,49.1,1.244,1.240,1.100,26.656,14.333,26.654,87.500,7.314,66.336,2.927,2.293,3.128,4.326,4.559,3.471,2.885,1.182,1.572,33.343,17.769,59.159,66.365,2000.0,3000.0,5414.7,5414.7,5429.0,6.6,2.7,8.7,6.6,58.0,No,No,No,2.741,3.926,2.3,29,58,47,24,58,1.288,5.040,3.360,3.328,12.000,1.146,1.288,3.360,3.296,3.328,1.056,1.056,1.837,1.536,1.814,0.944,3.360,2.024,1462,1851,1190,1498,1350,54.6,51.0,39.5,1.500,1.455,1.800,1.815,1.005,5.040,0.875,No,No,No,41.0,1.515,1.455,1.800,1.815,1.005,5.040,0.500,No,No,No,53,53,53,95.0,100.0,No,No,50644,75673,38,97.0,100.0,No,No,32331,69813,0.0,0.2,0.2,0.008,0.112,9826,3693,0.0,0.0,0.0,0.000,0.000,0,0,47.5,56.0,0.995,8.422,12.167,12.125,0.975,0,0,0,68.964,21.362,5.682,64.215,43.330,26.866,16.464,26.538,13.088,5.037,8.051,4.354,300.000,350.000,2730.0,1750.1,2220.0,2724.5,2317.0,15.0,2.0,0.0,23.0,5.0,2.9,14.7,0.0,0.0,0.0,0.0,0,0,0,Yes,No,No,Yes,No,No,No,23.3,23.4,0,0,0,0,0,0,0,0,0,8,0,0,0,0,0,0,0,0,0,0,0,0,0,0,0,0,0,0,0,0,15491,812,512,41,32.0,45.2,46.2,3.312,5.062,12.031,115.000,0,1.625,4.312,11.500,5.383,21.832,138.359,165.574,166.000,184.283,89.8,0,0,0,0.0,354.8,391.2,330.0,73.4,141.3,52.2,354.8,463.6,289.2,108.5,155.5,89.9,2.82,3.02,2.51,1.09,7.05,19.02,0.34,2.09,2.72,0.10,0.37,42,60,7.5,216.7,0,
25.4.2026,10:40:37.301,12274,24108,33.7,8957,23457,27.6,0.0,3968,0,1.144,1.140,1.145,1.145,1.145,1.145,1.145,1.145,1.145,5138.9,5205.0,5205.0,5205.0,5205.0,5205.0,5205.0,4676.4,5205.0,100.0,540.9,426.9,252.2,703.3,234.5,939.6,1391.0,1052.7,1443.5,239.5,828.4,253.1,572.0,34.4,140.1,66.4,77.4,540.9,9.2,2.6,4.5,13.2,3.9,15.6,24.9,17.4,26.2,3.6,15.9,4.1,11.1,0.3,1.6,0.8,1.1,26.2,9.2,10.7,3.5,5.2,14.5,4.6,18.9,28.8,21.3,30.0,4.6,17.2,5.1,11.9,0.7,3.0,1.2,1.5,10.7,51.4,52.0,52.0,52.0,52.0,52.0,52.0,46.8,52.0,0.0,19.4,8.9,19.1,39.5,42.5,21.5,17.0,3.4,3.1,60.4,88.0,80.9,60.5,57.5,78.5,83.0,5.8,29.0,20.2,3.0,0.0,0.0,0.0,0.0,0.0,90.8,67.9,3000.0,30.00,30,38,38,32,38,490,1,55.4,50.5,42.4,39.7,40.2,40.1,42.4,41.7,40.9,38.8,37.9,35.7,39.5,39.5,50.8,45.0,46.3,46.3,49.1,1.178,1.240,1.100,17.747,14.154,17.750,55.500,7.278,53.664,1.706,1.343,1.970,2.659,3.081,2.116,1.827,0.274,0.375,21.029,17.549,46.583,53.637,2000.0,3000.0,5289.9,5289.9,5298.7,5.4,1.8,5.5,5.4,56.1,No,No,No,1.117,2.460,1.6,29,56,46,24,56,1.270,5.040,3.360,3.328,12.000,1.146,1.288,3.360,3.296,3.328,1.056,1.056,1.822,1.536,1.814,0.944,3.360,2.024,1427,1882,1151,1468,1374,54.6,51.0,39.5,1.515,1.470,1.800,1.815,1.005,5.040,0.750,No,No,No,41.0,1.515,1.455,1.800,1.815,1.005,5.040,0.750,No,No,No,53,53,53,95.0,100.0,No,No,50644,75673,37,97.0,100.0,No,No,32331,69813,0.0,0.0,0.0,0.000,0.040,9826,3693,0.0,0.0,0.0,0.000,0.000,0,0,47.5,56.0,0.995,8.421,12.166,12.122,0.975,0,0,0,69.611,21.316,5.681,64.030,43.216,26.802,16.414,26.475,13.102,5.004,8.098,4.342,300.000,350.000,2722.0,1750.1,2220.0,2729.0,2317.0,15.0,2.0,0.0,23.0,5.0,2.9,14.4,0.0,0.0,0.0,0.0,0,0,0,Yes,No,No,Yes,No,No,No,23.2,23.6,0,0,0,0,0,0,0,0,0,8,0,0,0,0,0,0,0,0,0,0,0,0,0,0,0,0,0,0,0,0,15488,815,514,41,32.0,45.2,46.2,3.312,5.062,12.031,115.000,0,1.625,4.312,11.750,5.383,21.832,141.367,168.582,166.000,187.386,90.0,0,0,0,0.0,359.9,387.4,333.9,322.1,327.8,321.3,360.0,511.4,278.3,277.8,278.0,277.6,2.78,2.99,2.60,2.44,3.07,3.19,0.30,0.08,2.68,0.10,0.34,42,60,0.5,0.1,0,
25.4.2026,10:40:39.297,12371,24011,34.0,9039,23375,27.8,0.0,3968,0,1.145,1.145,1.145,1.145,1.145,1.145,1.145,1.145,1.145,5006.8,4676.4,5205.0,5205.0,5205.0,5205.0,5205.0,4676.4,4676.4,100.0,728.2,707.2,314.7,958.1,399.2,1317.1,1577.2,1565.5,1394.0,612.2,960.7,480.9,671.7,141.4,147.3,187.5,217.0,728.2,12.6,7.0,5.8,17.7,7.0,22.6,28.0,27.1,25.1,10.3,18.0,8.4,12.8,1.6,2.8,3.3,3.9,28.0,12.6,14.6,8.3,6.4,19.7,8.0,27.0,32.7,32.4,28.8,12.3,19.9,9.7,13.9,2.7,3.0,3.7,4.4,14.6,50.1,46.8,52.0,52.0,52.0,52.0,52.0,46.8,46.8,0.0,25.3,14.1,26.1,47.9,48.9,29.6,22.5,5.5,7.8,58.3,82.9,73.9,52.1,51.1,70.4,77.5,28.7,29.9,16.4,3.1,0.0,0.0,0.0,0.0,0.0,65.8,62.2,3000.0,30.00,30,38,38,32,38,490,1,55.1,51.4,43.5,41.8,42.0,42.2,45.3,44.4,43.4,40.7,39.4,37.2,40.6,40.6,50.5,45.1,46.3,46.3,49.0,1.213,1.240,1.100,22.918,14.214,22.916,74.500,7.296,60.730,2.409,1.907,2.703,3.673,3.979,2.912,2.432,0.812,0.854,28.042,17.624,53.692,60.737,2000.0,3000.0,5352.1,5352.1,5373.4,6.1,2.3,7.4,6.1,57.1,No,No,No,1.421,1.845,2.0,29,55,44,24,55,1.323,5.080,3.360,3.328,12.000,1.146,1.288,3.360,3.296,3.344,1.056,1.056,1.837,1.536,1.814,0.944,3.360,2.024,1369,1771,1107,1406,1288,54.6,51.0,39.5,1.515,1.455,1.815,1.815,1.005,5.040,0.750,No,No,No,41.0,1.515,1.455,1.815,1.815,1.005,5.040,0.375,No,No,No,53,54,53,95.0,100.0,No,No,50644,75673,38,97.0,100.0,No,No,32331,69813,0.0,0.2,0.2,0.000,0.299,9826,3694,0.0,0.0,0.0,0.000,0.000,0,0,47.6,56.0,0.995,8.428,12.175,12.133,0.975,0,0,0,69.822,21.353,5.710,64.149,43.300,26.849,16.451,26.534,13.096,4.995,8.101,4.342,300.000,350.000,2722.0,1750.1,2220.0,2726.8,2317.0,15.0,2.0,0.0,23.0,5.0,3.0,15.0,0.0,0.0,0.0,0.0,0,0,0,Yes,No,No,Yes,No,No,No,23.3,23.3,0,0,0,0,0,0,0,0,0,8,0,0,0,0,0,0,0,0,0,0,0,0,0,0,0,0,0,0,0,0,15488,815,514,41,32.0,45.2,46.2,3.312,5.062,12.031,115.000,0,1.625,4.312,11.750,5.383,21.832,141.367,168.582,166.000,187.386,90.0,0,0,0,0.0,353.9,393.5,327.5,71.9,138.5,51.0,354.2,569.1,262.6,90.9,138.9,72.1,2.83,3.03,2.56,2.46,7.19,19.58,0.30,0.11,2.73,0.10,0.51,42,60,4.1,216.6,0,
25.4.2026,10:40:41.299,12442,23940,34.1,9118,23296,28.1,0.0,3968,0,1.136,1.145,1.135,1.135,1.135,1.135,1.135,1.135,1.135,5072.8,5205.0,5205.0,5205.0,5205.0,5205.0,5205.0,4676.4,4676.4,100.0,543.4,438.2,280.7,681.9,236.9,1227.3,1106.1,1088.6,1366.3,266.4,812.7,286.0,533.8,43.0,117.6,78.9,130.6,543.4,9.4,2.6,5.0,13.0,4.1,21.4,19.5,18.0,24.9,4.3,15.6,5.0,10.3,0.6,2.7,1.1,2.2,24.9,9.4,10.8,3.2,5.7,14.0,4.7,25.0,22.9,22.0,28.4,5.2,16.8,5.8,11.1,0.8,2.5,1.4,2.6,10.8,50.7,52.0,52.0,52.0,52.0,52.0,52.0,46.8,46.8,0.0,19.4,9.2,18.8,39.8,41.4,21.6,16.9,3.2,4.3,63.0,86.9,81.2,60.2,58.6,78.4,82.8,6.3,49.8,17.6,3.8,0.0,0.0,0.0,0.0,0.3,90.5,45.9,3000.0,30.00,30,38,38,32,38,490,1,54.0,50.5,41.9,39.8,40.2,40.1,42.5,41.6,41.0,38.9,37.9,36.3,39.5,39.5,50.5,44.8,46.3,46.3,49.1,1.177,1.240,1.100,17.977,14.162,17.975,56.000,7.281,53.907,1.731,1.346,1.938,2.723,2.987,2.129,1.811,0.243,0.673,21.304,17.559,46.873,53.923,2000.0,3000.0,5289.8,5289.8,5292.9,5.4,1.8,5.6,5.4,56.1,No,No,No,1.149,2.454,1.6,29,54,43,24,54,1.270,5.080,3.360,3.328,12.000,1.146,1.288,3.360,3.296,3.328,1.056,1.056,1.837,1.527,1.814,0.944,3.360,2.024,1318,1757,1100,1366,1251,54.6,51.0,39.5,1.515,1.455,1.815,1.815,1.005,5.040,0.500,No,No,No,41.0,1.515,1.455,1.815,1.800,1.005,5.040,0.750,No,No,No,53,53,53,95.0,100.0,No,No,50644,75673,38,97.0,100.0,No,No,32331,69813,0.0,0.1,0.1,0.032,0.030,9826,3694,0.0,0.0,0.0,0.000,0.000,0,0,47.6,56.0,0.995,8.421,12.166,12.122,0.975,0,0,0,69.303,21.349,5.682,64.201,43.325,26.863,16.462,26.535,13.036,4.985,8.051,4.354,300.000,350.000,2730.0,1750.1,2220.0,2723.5,2317.0,15.0,2.0,0.0,23.0,5.0,2.9,14.4,0.0,0.0,0.0,0.0,0,0,0,Yes,No,No,Yes,No,No,No,23.3,23.2,0,0,0,0,0,0,0,0,0,8,0,0,0,0,0,0,0,0,0,0,0,0,0,0,0,0,0,0,0,0,15488,815,514,41,32.0,45.2,46.2,3.312,5.062,12.031,115.000,0,1.562,4.312,11.250,5.176,21.832,135.352,162.359,158.000,180.968,89.7,0,0,0,0.0,359.9,389.7,335.5,330.2,332.1,329.9,360.4,638.4,250.4,243.1,246.8,242.2,2.78,2.97,2.57,2.49,3.01,3.05,0.36,2.08,2.68,0.10,0.52,42,61,1.8,61.9,0,
25.4.2026,10:40:43.300,12437,23945,34.1,9117,23297,28.1,0.0,3968,0,1.145,1.145,1.145,1.145,1.145,1.145,1.145,1.145,1.145,4874.6,5205.0,5205.0,5205.0,4676.4,4676.4,4676.4,4676.4,4676.4,100.0,491.1,426.2,176.5,685.7,209.9,1486.8,591.2,1032.5,1157.4,462.4,551.2,555.5,209.0,47.2,90.0,118.1,58.7,491.1,8.7,4.5,3.0,13.4,3.7,26.8,9.7,17.7,21.2,8.6,10.8,10.7,3.9,0.1,1.6,2.0,0.9,26.8,8.7,9.8,5.0,3.4,14.1,4.1,30.5,11.7,20.9,23.9,9.4,11.4,11.5,4.2,0.9,1.9,2.2,1.1,9.8,48.7,52.0,52.0,52.0,46.8,46.8,46.8,46.8,46.8,0.0,18.0,8.9,18.5,35.8,37.9,20.9,15.9,2.8,3.8,65.5,91.1,81.5,64.2,62.1,79.1,84.1,5.7,56.2,16.5,0.0,0.0,0.0,0.0,0.0,0.0,91.6,40.1,3000.0,30.00,30,38,38,32,38,490,1,53.0,50.2,43.5,38.8,39.4,39.1,40.9,40.1,39.9,37.8,37.2,35.6,38.7,38.7,50.2,44.7,46.2,46.2,49.1,1.141,1.240,1.100,15.633,14.026,15.631,43.500,7.281,50.101,1.436,1.186,1.674,2.130,2.448,1.817,1.517,0.169,0.548,17.810,17.392,43.211,50.115,2000.0,3000.0,5214.8,5214.8,5209.9,5.0,1.6,4.3,5.0,55.8,No,No,No,0.191,0.151,1.4,29,53,42,24,53,1.154,5.040,3.360,3.328,12.000,1.146,1.288,3.360,3.296,3.328,1.056,1.056,1.822,1.527,1.814,0.944,3.360,2.024,1288,1721,1065,1319,1216,54.6,51.0,39.5,1.515,1.455,1.815,1.800,0.990,5.040,0.750,No,No,No,41.0,1.515,1.455,1.815,1.800,0.990,5.040,0.625,No,No,No,53,53,53,95.0,100.0,No,No,50644,75673,37,97.0,100.0,No,No,32331,69813,0.0,0.0,0.0,0.000,0.000,9826,3694,0.0,0.0,0.0,0.000,0.000,0,0,47.6,56.0,1.000,8.422,12.169,12.123,0.975,0,0,0,70.033,21.429,5.707,64.435,43.494,26.967,16.527,26.639,13.079,5.021,8.058,4.360,300.000,350.000,2730.0,1750.1,2220.0,2733.2,2317.0,15.0,2.0,0.0,22.0,5.0,3.0,15.0,0.0,0.0,0.0,0.0,0,0,0,Yes,No,No,Yes,No,No,No,23.4,23.8,0,0,0,0,0,0,0,0,0,8,0,0,0,0,0,0,0,0,0,0,0,0,0,0,0,0,0,0,0,0,15488,815,514,41,32.0,45.2,46.2,3.312,5.062,12.031,115.000,0,1.562,4.250,11.000,5.176,21.516,132.344,159.035,158.000,177.542,89.6,0,0,0,0.0,359.9,391.1,334.4,331.6,332.4,331.6,359.5,720.3,240.0,239.4,239.6,239.3,2.78,3.01,2.55,2.48,3.04,3.07,0.36,2.09,2.68,0.10,0.49,42,61,0.3,2.6,0,
