Date,Time,"Virtual Memory Committed [MB]","Virtual Memory Available [MB]","Virtual Memory Load [%]","Physical Memory Used [MB]","Physical Memory Available [MB]","Physical Memory Load [%]","Page File Usage [%]","Page File Total [MB]","Page File Used [MB]","Core VIDs (avg) [V]","Core 0 VID [V]","Core 1 VID [V]","Core 2 VID [V]","Core 3 VID [V]","Core 4 VID [V]","Core 5 VID [V]","Core 6 VID [V]","Core 7 VID [V]","Core Clocks (avg) [MHz]","Core 0 Clock (perf #5) [MHz]","Core 1 Clock (perf #3) [MHz]","Core 2 Clock (perf #1) [MHz]","Core 3 Clock (perf #1) [MHz]","Core 4 Clock (perf #2) [MHz]","Core 5 Clock (perf #4) [MHz]","Core 6 Clock (perf #6) [MHz]","Core 7 Clock (perf #7) [MHz]","Bus Clock [MHz]","Core Effective Clocks (avg) [MHz]","Core 0 T0 Effective Clock [MHz]","Core 0 T1 Effective Clock [MHz]","Core 1 T0 Effective Clock [MHz]","Core 1 T1 Effective Clock [MHz]","Core 2 T0 Effective Clock [MHz]","Core 2 T1 Effective Clock [MHz]","Core 3 T0 Effective Clock [MHz]","Core 3 T1 Effective Clock [MHz]","Core 4 T0 Effective Clock [MHz]","Core 4 T1 Effective Clock [MHz]","Core 5 T0 Effective Clock [MHz]","Core 5 T1 Effective Clock [MHz]","Core 6 T0 Effective Clock [MHz]","Core 6 T1 Effective Clock [MHz]","Core 7 T0 Effective Clock [MHz]","Core 7 T1 Effective Clock [MHz]","Average Effective Clock [MHz]","Core Usage (avg) [%]","Core 0 T0 Usage [%]","Core 0 T1 Usage [%]","Core 1 T0 Usage [%]","Core 1 T1 Usage [%]","Core 2 T0 Usage [%]","Core 2 T1 Usage [%]","Core 3 T0 Usage [%]","Core 3 T1 Usage [%]","Core 4 T0 Usage [%]","Core 4 T1 Usage [%]","Core 5 T0 Usage [%]","Core 5 T1 Usage [%]","Core 6 T0 Usage [%]","Core 6 T1 Usage [%]","Core 7 T0 Usage [%]","Core 7 T1 Usage [%]","Max CPU/Thread Usage [%]","Total CPU Usage [%]","Core Utility (avg) [%]","Core 0 T0 Utility [%]","Core 0 T1 Utility [%]","Core 1 T0 Utility [%]","Core 1 T1 Utility [%]","Core 2 T0 Utility [%]","Core 2 T1 Utility [%]","Core 3 T0 Utility [%]","Core 3 T1 Utility [%]","Core 4 T0 Utility [%]","Core 4 T1 Utility [%]","Core 5 T0 Utility [%]","Core 5 T1 Utility [%]","Core 6 T0 Utility [%]","Core 6 T1 Utility [%]","Core 7 T0 Utility [%]","Core 7 T1 Utility [%]","Total CPU Utility [%]","Core Ratios (avg) [x]","Core 0 Ratio [x]","Core 1 Ratio [x]","Core 2 Ratio [x]","Core 3 Ratio [x]","Core 4 Ratio [x]","Core 5 Ratio [x]","Core 6 Ratio [x]","Core 7 Ratio [x]","Package C6 Residency [%]","Core C0 Residency (avg) [%]","Core 0 C0 Residency [%]","Core 1 C0 Residency [%]","Core 2 C0 Residency [%]","Core 3 C0 Residency [%]","Core 4 C0 Residency [%]","Core 5 C0 Residency [%]","Core 6 C0 Residency [%]","Core 7 C0 Residency [%]","Core C1 Residency (avg) [%]","Core 0 C1 Residency [%]","Core 1 C1 Residency [%]","Core 2 C1 Residency [%]","Core 3 C1 Residency [%]","Core 4 C1 Residency [%]","Core 5 C1 Residency [%]","Core 6 C1 Residency [%]","Core 7 C1 Residency [%]","Core C6 Residency (avg) [%]","Core 0 C6 Residency [%]","Core 1 C6 Residency [%]","Core 2 C6 Residency [%]","Core 3 C6 Residency [%]","Core 4 C6 Residency [%]","Core 5 C6 Residency [%]","Core 6 C6 Residency [%]","Core 7 C6 Residency [%]","Memory Clock [MHz]","Memory Clock Ratio [x]","Tcas [T]","Trcd [T]","Trp [T]","Tras [T]","Trc [T]","Trfc [T]","Command Rate [T]","CPU (Tctl/Tdie) [°C]","CPU Die (average) [°C]","CPU CCD1 (Tdie) [°C]","Core Temperatures (avg) [°C]","Core0 (CCD1) [°C]","Core1 (CCD1) [°C]","Core2 (CCD1) [°C]","Core3 (CCD1) [°C]","Core4 (CCD1) [°C]","Core5 (CCD1) [°C]","Core6 (CCD1) [°C]","Core7 (CCD1) [°C]","L3 Temperatures (avg) [°C]","L3 Cache (CCD1) [°C]","CPU IOD Hotspot [°C]","CPU IOD Average [°C]","CPU VDDCR_VDD VRM (SVI3 TFN) [°C]","CPU VDDCR_SOC VRM (SVI3 TFN) [°C]","CPU VDD_MISC VRM (SVI3 TFN) [°C]","CPU VDDCR_VDD Voltage (SVI3 TFN) [V]","CPU VDDCR_SOC Voltage (SVI3 TFN) [V]","CPU VDD_MISC Voltage (SVI3 TFN) [V]","CPU Core Current (SVI3 TFN) [A]","SoC Current (SVI3 TFN) [A]","CPU TDC [A]","CPU EDC [A]","MISC Current (SVI3 TFN) [A]","CPU Package Power [W]","Core Powers (avg) [W]","Core 0 Power [W]","Core 1 Power [W]","Core 2 Power [W]","Core 3 Power [W]","Core 4 Power [W]","Core 5 Power [W]","Core 6 Power [W]","Core 7 Power [W]","CPU Core Power (SVI3 TFN) [W]","CPU SoC Power (SVI3 TFN) [W]","Core+SoC+MISC Power (SVI3 TFN) [W]","CPU PPT [W]","Infinity Fabric Clock (FCLK) [MHz]","Memory Controller Clock (UCLK) [MHz]","L3 Clocks (avg) [MHz]","L3 Cache (CCD1) [MHz]","Frequency Limit - Global [MHz]","CPU PPT Limit [%]","CPU TDC Limit [%]","CPU EDC Limit [%]","CPU PPT FAST Limit [%]","Thermal Limit [%]","Thermal Throttling (HTC) [Yes/No]","Thermal Throttling (PROCHOT CPU) [Yes/No]","Thermal Throttling (PROCHOT EXT) [Yes/No]","DRAM Read Bandwidth [GB/s]","DRAM Write Bandwidth [GB/s]","Average Active Core Count []","Motherboard [°C]","CPU Package [°C]","CPU [°C]","Temp9 [°C]","TSI0 (CPU) [°C]","Vcore [V]","+5V [V]","AVSB [V]","3VCC [V]","+12V [V]","VMISC [V]","CPU SOC [V]","3VSB [V]","VBAT [V]","VTT [V]","Chipset0 +1.05V [V]","Chipset1 +1.05V [V]","1.8V_ALW [V]","CPU VDDIO / MC [V]","1.8V_RUN [V]","VIN9 [V]","VHIF [V]","VIN10 [V]","Chassis1 [RPM]","CPU [RPM]","Chassis2 [RPM]","Chassis3 [RPM]","Chassis4 [RPM]","Chipset 1 (xHCI) [°C]","Chipset 2 (xHCI) [°C]","SPD Hub Temperature [°C]","VDD (SWA) Voltage [V]","VDDQ (SWB) Voltage [V]","VPP (SWC) Voltage [V]","1.8V VOUT Voltage [V]","1.0V VOUT Voltage [V]","VIN Voltage [V]","Total Power [W]","PMIC High Temperature [Yes/No]","PMIC Over Voltage [Yes/No]","PMIC Under Voltage [Yes/No]","SPD Hub Temperature [°C]","VDD (SWA) Voltage [V]","VDDQ (SWB) Voltage [V]","VPP (SWC) Voltage [V]","1.8V VOUT Voltage [V]","1.0V VOUT Voltage [V]","VIN Voltage [V]","Total Power [W]","PMIC High Temperature [Yes/No]","PMIC Over Voltage [Yes/No]","PMIC Under Voltage [Yes/No]","Drive Temperature [°C]","Drive Temperature 2 [°C]","Drive Temperature 3 [°C]","Drive Remaining Life [%]","Drive Available Spare [%]","Drive Failure [Yes/No]","Drive Warning [Yes/No]","Total Host Writes [GB]","Total Host Reads [GB]","Drive Temperature [°C]","Drive Remaining Life [%]","Drive Available Spare [%]","Drive Failure [Yes/No]","Drive Warning [Yes/No]","Total Host Writes [GB]","Total Host Reads [GB]","Read Activity [%]","Write Activity [%]","Total Activity [%]","Read Rate [MB/s]","Write Rate [MB/s]","Read Total [MB]","Write Total [MB]","Read Activity [%]","Write Activity [%]","Total Activity [%]","Read Rate [MB/s]","Write Rate [MB/s]","Read Total [MB]","Write Total [MB]","GPU Temperature [°C]","GPU Memory Junction Temperature [°C]","GPU Core Voltage [V]","GPU Rail Voltages (avg) [V]","GPU PCIe +12V Input Voltage [V]","GPU 12VHPWR Voltage [V]","GPU Unknown Rail (10) Voltage [V]","GPU Fan1 [RPM]","GPU Fan2 [RPM]","GPU Fan3 [RPM]","GPU Power [W]","GPU Rail Powers (avg) [W]","GPU PCIe +12V Input Power [W]","GPU 12VHPWR Power [W]","GPU Unknown Rail (D6) Power (sum) [W]","GPU Core (NVVDD) Input Power (sum) [W]","GPU Unknown Rail (D4) Power (sum) [W]","GPU Misc0 Input Power (sum) [W]","GPU Unknown Rail (D) Power (sum) [W]","GPU Unknown Rail (10) Power [W]","GPU Core (NVVDD) Output Power [W]","GPU Core (NVVDD) Output Power [W]","GPU Power Limit (rated) [W]","GPU Power Limit (max) [W]","GPU Clock [MHz]","GPU Memory Clock [MHz]","GPU Video Clock [MHz]","GPU Effective Clock [MHz]","GPU Crossbar Clock [MHz]","GPU Core Load [%]","GPU Memory Controller Load [%]","GPU Video Engine Load [%]","GPU Bus Load [%]","GPU Memory Usage [%]","GPU D3D Usages (avg) [%]","GPU D3D Usage [%]","GPU Video Decode 0 Usage [%]","GPU Video Encode 0 Usage [%]","GPU Video Encode 1 Usage [%]","GPU VR Usage [%]","GPU Fan1 [%]","GPU Fan2 [%]","GPU Fan3 [%]","GPU Performance Limiters (avg) [Yes/No]","Performance Limit - Power [Yes/No]","Performance Limit - Thermal [Yes/No]","Performance Limit - Reliability Voltage [Yes/No]","Performance Limit - Max Operating Voltage [Yes/No]","Performance Limit - Utilization [Yes/No]","Performance Limit - SLI GPUBoost Sync [Yes/No]","Total GPU Power [% of TDP] [%]","Total GPU Power (normalized) [% of TDP] [%]","PCI Express Error Counters (avg) []","Receiver Errors []","Replay Count []","Replay Rollover Count []","Bad DLLP Count []","Bad TLP Count []","LCRC Error Count []","NAKs Sent Count []","NAKs Received Count []","Recovery Count []","Correctable Error Count []","Non-Fatal Error Count []","Fatal Error Count []","Unsupported Request Count []","PCIe Lane 0 Errors []","PCIe Lane 1 Errors []","PCIe Lane 2 Errors []","PCIe Lane 3 Errors []","PCIe Lane 4 Errors []","PCIe Lane 5 Errors []","PCIe Lane 6 Errors []","PCIe Lane 7 Errors []","PCIe Lane 8 Errors []","PCIe Lane 9 Errors []","PCIe Lane 10 Errors []","PCIe Lane 11 Errors []","PCIe Lane 12 Errors []","PCIe Lane 13 Errors []","PCIe Lane 14 Errors []","PCIe Lane 15 Errors []","GPU Memory Available [MB]","GPU Memory Allocated [MB]","GPU D3D Memory Dedicated [MB]","GPU D3D Memory Dynamic [MB]","PCIe Link Speed [GT/s]","PSU Temperature [°C]","PSU Ambient Temperature [°C]","+3.3V [V]","+5V [V]","+12V [V]","Input Voltage [V]","PSU Fan [RPM]","+3.3V Current [A]","+5V Current [A]","+12V Current [A]","+3.3V Power [W]","+5V Power [W]","+12V Power [W]","PSU Power (sum) [W]","PSU Power Out [W]","PSU Power In (est) [W]","PSU Efficiency [%]","Framerate [FPS]","Framerate 1% Low [FPS]","Framerate 0.1% Low [FPS]","Frame Time [ms]","Framerate Presented (avg) [FPS]","Framerate Presented (99%) [FPS]","Framerate Presented (1%) [FPS]","Framerate Presented (0.1%) [FPS]","Framerate Presented (1% low) [FPS]","Framerate Presented (0.1% low) [FPS]","Framerate Displayed (avg) [FPS]","Framerate Displayed (99%) [FPS]","Framerate Displayed (1%) [FPS]","Framerate Displayed (0.1%) [FPS]","Framerate Displayed (1% low) [FPS]","Framerate Displayed (0.1% low) [FPS]","Frame Time Presented (avg) [ms]","Frame Time Presented (99%) [ms]","Frame Time Presented (1%) [ms]","Frame Time Presented (0.1%) [ms]","Frame Time Displayed (1% high) [ms]","Frame Time Displayed (0.1% high) [ms]","GPU Busy (avg) [ms]","GPU Wait (avg) [ms]","CPU Busy (avg) [ms]","CPU Wait (avg) [ms]","Animation Error (avg) [ms]","Total DL [MB]","Total UP [MB]","Current DL rate [KB/s]","Current UP rate [KB/s]","Total Errors []",
25.4.2026,11:18:26.505,11659,24723,32.0,8280,24134,25.5,0.0,3968,0,1.208,1.205,1.215,1.215,1.205,1.205,1.205,1.205,1.205,4939.3,4653.5,4653.5,5225.0,5225.0,5225.0,5225.0,4653.5,4653.5,100.0,831.7,30.7,76.1,556.2,450.3,1395.3,3596.3,2821.4,1892.6,1159.5,849.6,237.4,201.3,18.1,10.7,4.7,6.8,831.7,15.2,1.4,0.8,10.1,7.9,23.6,68.1,52.2,33.2,22.1,14.9,3.9,3.7,0.5,0.4,0.0,0.3,68.1,15.2,17.3,1.5,1.5,11.2,9.0,28.5,76.1,59.1,39.0,24.1,17.3,4.5,4.0,0.3,0.2,0.1,0.1,17.3,49.4,46.5,46.5,52.2,52.2,52.2,52.2,46.5,46.5,0.0,24.8,2.8,14.8,73.9,70.5,28.1,7.3,0.5,0.2,39.8,8.1,85.2,26.1,29.5,71.9,92.7,2.9,1.6,35.5,89.1,0.0,0.0,0.0,0.0,0.0,96.6,98.2,3000.0,30.00,30,36,36,76,112,884,1,56.0,52.1,54.8,41.7,40.2,41.1,48.9,46.6,43.8,38.8,38.4,35.4,40.9,40.9,50.5,45.1,46.1,46.1,49.0,1.213,1.240,1.100,21.441,14.136,21.444,49.000,7.295,58.470,2.171,0.170,1.868,5.548,5.301,2.926,1.430,0.072,0.051,25.999,17.529,51.552,58.458,2000.0,3000.0,5251.8,5251.8,5250.0,36.1,17.9,27.2,36.1,54.9,No,No,No,0.210,0.135,2.0,30,56,45,24,56,1.234,5.040,3.344,3.328,12.000,1.146,1.288,3.360,3.296,3.328,1.056,1.056,1.837,1.376,1.814,0.928,3.360,2.024,1047,1513,888,1040,1058,56.5,52.8,38.5,1.350,1.365,1.800,1.800,1.005,5.110,0.750,No,No,No,39.8,1.350,1.350,1.800,1.800,1.005,5.110,0.625,No,No,No,52,52,52,95.0,100.0,No,No,50648,75680,40,97.0,100.0,No,No,32331,69813,0.0,0.0,0.0,0.000,0.018,5293,3886,0.0,0.0,0.0,0.000,0.000,0,0,51.1,60.0,1.005,8.443,12.163,12.190,0.975,0,0,0,84.083,27.295,5.668,78.468,52.151,32.331,19.820,31.941,23.848,6.771,17.077,4.878,300.000,350.000,2752.0,1750.1,2212.0,2751.1,2310.0,31.0,4.0,0.0,54.0,4.6,6.0,29.9,0.0,0.0,0.0,0.0,0,0,0,Yes,No,No,Yes,No,No,No,28.0,27.9,0,0,0,0,0,0,0,0,0,9,0,0,0,0,0,0,0,0,0,0,0,0,0,0,0,0,0,0,0,0,15549,754,453,41,32.0,45.5,46.8,3.312,5.078,12.031,115.000,0,1.625,4.062,13.500,5.383,20.630,162.422,188.435,176.000,207.903,90.6,0,0,0,0.0,359.9,394.7,332.7,328.2,329.8,327.8,360.0,404.7,324.0,322.8,323.3,322.7,2.78,2.88,2.66,2.60,2.92,2.96,0.66,2.12,1.16,1.62,0.13,36,86,1.3,0.3,0,
25.4.2026,11:18:28.502,11675,24707,32.0,8298,24116,25.6,0.0,3968,0,1.214,1.215,1.210,1.215,1.215,1.215,1.215,1.215,1.215,4939.3,4653.5,5225.0,5225.0,5225.0,5225.0,4653.5,4653.5,4653.5,100.0,1138.4,510.2,268.0,1057.6,736.4,5059.0,2387.0,1900.5,1772.9,1524.1,1122.5,716.0,421.3,262.4,174.2,151.6,150.8,1138.4,20.1,6.8,4.1,18.4,12.2,96.3,41.6,33.3,31.2,27.6,19.3,11.9,6.7,4.1,2.5,2.9,2.9,96.3,20.1,23.5,8.6,5.4,21.6,14.8,107.6,49.6,39.1,36.6,31.6,23.0,14.5,8.4,5.3,3.5,3.1,3.1,23.5,49.4,46.5,52.2,52.2,52.2,52.2,46.5,46.5,46.5,0.0,33.3,11.4,28.1,97.8,58.0,40.8,18.3,7.1,5.1,42.6,33.5,71.9,2.2,42.0,59.2,81.7,26.8,23.4,24.1,55.1,0.0,0.0,0.0,0.0,0.0,66.1,71.5,3000.0,30.00,30,36,36,76,112,884,1,58.0,55.5,49.1,44.3,43.5,43.3,55.3,46.2,47.1,41.0,40.8,37.3,42.2,42.2,51.0,45.4,46.2,46.2,49.0,1.216,1.240,1.100,27.543,14.254,27.540,73.000,7.313,66.221,2.967,1.167,2.779,7.919,4.487,3.719,2.170,0.854,0.645,33.524,17.674,59.242,66.211,2000.0,3000.0,5249.1,5249.1,5250.0,40.9,23.0,40.6,40.9,58.5,No,No,No,1.049,0.546,2.7,30,58,47,24,58,1.243,5.040,3.360,3.328,12.000,1.146,1.288,3.360,3.296,3.328,1.056,1.056,1.837,1.376,1.814,0.928,3.360,2.032,1045,1477,891,1018,1032,56.5,52.8,38.5,1.350,1.365,1.815,1.800,1.005,5.110,0.375,No,No,No,39.8,1.350,1.365,1.815,1.800,1.005,5.110,0.625,No,No,No,52,52,52,95.0,100.0,No,No,50648,75680,40,97.0,100.0,No,No,32331,69813,0.4,0.2,0.7,0.911,0.138,5295,3886,0.0,0.0,0.0,0.000,0.000,0,0,51.1,60.0,1.000,8.446,12.167,12.195,0.975,0,0,0,83.872,27.182,5.694,78.034,51.883,32.180,19.703,31.791,23.828,6.701,17.127,4.878,300.000,350.000,2745.0,1750.1,2212.0,2750.0,2310.0,29.0,4.0,0.0,51.0,4.5,5.8,29.1,0.0,0.0,0.0,0.0,0,0,0,Yes,No,No,Yes,No,No,No,27.9,28.1,0,0,0,0,0,0,0,0,0,9,0,0,0,0,0,0,0,0,0,0,0,0,0,0,0,0,0,0,0,0,15564,739,439,41,32.0,45.5,46.8,3.312,5.078,12.016,115.000,0,1.625,4.062,13.500,5.383,20.630,162.211,188.224,182.000,207.685,90.6,0,0,0,0.0,359.9,402.8,330.8,323.9,325.7,323.6,360.0,439.9,304.8,302.5,303.8,301.5,2.78,2.87,2.71,2.62,2.92,2.96,0.66,2.12,1.15,1.63,0.21,36,87,5.0,657.6,0,
25.4.2026,11:18:30.514,11675,24707,32.0,8296,24118,25.5,0.0,3968,0,1.221,1.225,1.220,1.220,1.220,1.220,1.220,1.220,1.220,5153.6,4653.5,5225.0,5225.0,5225.0,5225.0,5225.0,5225.0,5225.0,100.0,955.3,225.4,197.5,723.4,541.9,1828.8,2735.5,3520.6,2045.2,1317.0,894.5,450.1,319.4,159.3,112.4,110.2,103.5,955.3,17.7,4.1,4.5,13.1,9.6,32.8,50.8,66.1,35.9,24.7,15.7,7.9,5.8,3.0,2.9,2.9,2.8,66.1,17.7,19.9,4.6,4.1,14.7,10.9,38.0,57.4,74.3,42.3,27.3,18.2,9.1,6.5,3.3,2.3,2.3,2.2,19.8,51.5,46.5,52.2,52.2,52.2,52.2,52.2,52.2,52.2,0.0,27.4,6.2,18.5,67.3,78.2,30.8,11.7,3.8,2.7,38.9,10.2,81.5,32.7,21.8,69.2,88.3,4.0,3.9,33.7,83.6,0.0,0.0,0.0,0.0,0.0,92.2,93.4,3000.0,30.00,30,36,36,76,112,884,1,57.2,52.6,60.2,42.3,40.8,41.9,48.4,48.4,44.2,39.7,39.0,36.0,41.1,41.1,50.8,45.2,46.1,46.1,49.1,1.214,1.240,1.100,23.345,14.176,23.303,80.500,7.298,60.587,2.420,0.500,2.144,5.165,6.061,3.093,1.760,0.343,0.295,28.358,17.577,53.962,60.846,2000.0,3000.0,5251.3,5251.3,5250.0,37.6,19.4,44.7,37.6,55.4,No,No,No,0.656,0.291,2.2,30,56,45,24,56,1.225,5.080,3.360,3.328,12.000,1.146,1.288,3.360,3.296,3.328,1.056,1.056,1.837,1.385,1.814,0.928,3.344,2.032,1057,1560,919,1071,1066,56.5,52.8,38.5,1.350,1.365,1.815,1.815,1.005,5.110,1.250,No,No,No,39.8,1.350,1.365,1.815,1.800,1.005,5.110,1.750,No,No,No,52,52,52,95.0,100.0,No,No,50648,75680,40,97.0,100.0,No,No,32331,69813,0.0,0.1,0.1,0.008,0.010,5295,3886,0.0,0.0,0.0,0.000,0.000,0,0,51.1,60.0,1.000,8.447,12.170,12.195,0.975,0,0,0,83.658,27.240,5.708,78.196,52.003,32.248,19.755,31.858,23.877,6.690,17.187,4.878,300.000,350.000,2745.0,1750.1,2212.0,2746.4,2310.0,29.0,4.0,0.0,51.0,4.5,5.7,28.5,0.0,0.0,0.0,0.0,0,0,0,Yes,No,No,Yes,No,No,No,28.0,28.8,0,0,0,0,0,0,0,0,0,9,0,0,0,0,0,0,0,0,0,0,0,0,0,0,0,0,0,0,0,0,15564,739,439,41,32.0,45.5,46.8,3.312,5.062,12.031,115.000,0,1.625,4.562,15.250,5.383,23.098,183.477,211.957,204.000,232.294,91.2,0,0,0,0.0,360.0,409.2,322.9,292.6,308.8,281.1,360.2,484.4,287.0,285.5,286.3,284.9,2.78,2.88,2.68,2.62,2.93,2.96,0.66,2.12,1.16,1.62,0.28,36,87,1.5,0.3,0,
25.4.2026,11:18:32.510,11647,24735,32.0,8283,24131,25.5,0.0,3968,0,1.211,1.215,1.210,1.210,1.210,1.210,1.210,1.210,1.210,5010.7,4653.5,5225.0,5225.0,5225.0,5225.0,5225.0,4653.5,4653.5,100.0,892.9,168.8,105.1,733.2,467.7,1489.4,1835.1,3592.7,2937.2,1309.4,834.7,368.1,268.4,74.8,47.2,25.6,28.3,892.9,16.2,3.3,1.3,13.3,8.1,26.6,34.1,66.7,53.6,24.3,14.6,6.4,4.8,1.5,0.2,0.0,0.0,66.7,16.2,18.5,3.7,2.1,14.9,9.3,30.8,38.3,75.5,61.6,27.1,16.9,7.3,5.4,1.5,0.9,0.5,0.6,18.5,50.1,46.5,52.2,52.2,52.2,52.2,52.2,46.5,46.5,0.0,26.7,5.0,18.2,53.6,92.7,30.9,10.3,2.1,1.0,41.6,20.5,81.8,46.4,7.3,69.1,89.7,11.9,6.0,31.7,74.5,0.0,0.0,0.0,0.0,0.0,86.0,93.0,3000.0,30.00,30,36,36,76,112,884,1,56.1,52.3,48.9,42.5,40.6,42.7,46.5,50.8,44.2,40.1,39.2,36.1,41.5,41.5,50.5,45.0,46.2,46.2,49.1,1.214,1.240,1.100,22.823,14.165,22.865,56.500,7.304,60.529,2.358,0.491,2.134,4.049,7.067,3.061,1.636,0.281,0.144,27.706,17.565,53.305,60.280,2000.0,3000.0,5250.8,5250.8,5250.0,37.2,19.1,31.4,37.2,55.1,No,No,No,0.406,0.279,2.1,30,56,45,24,56,1.234,5.080,3.360,3.328,12.000,1.146,1.288,3.360,3.296,3.328,1.056,1.056,1.837,1.385,1.814,0.928,3.360,2.032,1035,1481,905,1055,985,56.5,52.8,38.5,1.350,1.365,1.815,1.815,1.005,5.110,0.375,No,No,No,39.8,1.350,1.365,1.815,1.815,1.005,5.110,0.625,No,No,No,52,52,52,95.0,100.0,No,No,50648,75680,40,97.0,100.0,No,No,32331,69813,0.0,0.1,0.2,0.032,0.055,5295,3886,0.0,0.0,0.0,0.000,0.000,0,0,51.1,60.0,1.000,8.445,12.166,12.193,0.975,0,0,0,83.934,27.244,5.706,78.256,52.040,32.264,19.776,31.874,23.821,6.688,17.133,4.878,300.000,350.000,2745.0,1750.1,2212.0,2747.0,2310.0,29.0,4.0,0.0,51.0,4.5,5.7,28.5,0.0,0.0,0.0,0.0,0,0,0,Yes,No,No,Yes,No,No,No,28.0,28.2,0,0,0,0,0,0,0,0,0,9,0,0,0,0,0,0,0,0,0,0,0,0,0,0,0,0,0,0,0,0,15563,740,439,41,32.0,45.5,46.8,3.312,5.078,12.031,115.000,0,1.625,4.062,13.250,5.383,20.630,159.414,185.427,176.000,204.791,90.5,0,0,0,0.0,360.0,395.2,330.5,323.7,327.0,322.8,360.0,533.0,271.5,266.5,269.1,264.8,2.78,2.87,2.68,2.66,2.90,2.93,0.66,2.12,1.14,1.64,0.36,36,87,0.0,0.0,0,
25.4.2026,11:18:34.504,11609,24773,31.9,8246,24168,25.4,0.0,3968,0,1.211,1.205,1.215,1.210,1.210,1.210,1.210,1.210,1.215,4939.3,4653.5,4653.5,5225.0,5225.0,5225.0,5225.0,4653.5,4653.5,100.0,921.7,211.3,129.4,794.1,459.7,2143.4,2412.3,2123.0,3338.1,1451.2,755.6,427.4,284.7,99.2,55.0,38.1,25.3,921.7,16.8,4.3,2.4,14.4,7.9,38.5,45.1,37.0,63.0,27.1,13.1,7.4,5.1,1.9,1.1,0.8,0.0,63.0,16.8,19.1,4.8,2.6,16.2,9.2,44.5,50.9,43.4,70.7,30.0,15.3,8.5,5.7,2.0,1.1,0.8,0.5,19.1,49.4,46.5,46.5,52.2,52.2,52.2,52.2,46.5,46.5,0.0,27.6,6.3,19.5,68.3,79.1,31.9,11.7,2.7,1.2,42.4,23.2,80.5,31.7,20.9,68.1,88.3,15.6,11.3,30.0,70.5,0.0,0.0,0.0,0.0,0.0,81.7,87.6,3000.0,30.00,30,36,36,76,112,884,1,55.8,52.7,53.9,42.6,41.2,42.2,48.8,48.6,44.7,39.9,39.3,36.1,41.4,41.4,50.2,45.2,46.2,46.2,49.1,1.214,1.240,1.100,23.523,14.185,23.522,60.500,7.304,61.094,2.437,0.591,2.185,5.229,6.016,3.174,1.716,0.362,0.224,28.559,17.589,54.182,61.106,2000.0,3000.0,5250.9,5250.9,5250.0,37.7,19.6,33.6,37.7,55.5,No,No,No,0.476,0.289,2.2,30,55,44,24,55,1.225,5.040,3.360,3.328,12.000,1.146,1.288,3.360,3.296,3.328,1.056,1.056,1.822,1.376,1.814,0.928,3.360,2.024,997,1456,859,1025,932,56.5,52.8,38.5,1.350,1.365,1.815,1.815,1.005,5.110,0.625,No,No,No,39.8,1.350,1.365,1.815,1.815,1.005,5.040,0.625,No,No,No,52,52,52,95.0,100.0,No,No,50648,75680,40,97.0,100.0,No,No,32331,69813,0.0,0.1,0.1,0.008,0.103,5295,3886,0.0,0.0,0.0,0.000,0.000,0,0,51.2,60.0,1.005,8.449,12.174,12.199,0.975,0,0,0,83.885,27.189,5.697,78.172,51.973,32.227,19.746,31.837,23.676,6.699,16.977,4.884,300.000,350.000,2745.0,1750.1,2212.0,2747.1,2310.0,29.0,4.0,0.0,51.0,4.5,5.7,28.4,0.0,0.0,0.0,0.0,0,0,0,Yes,No,No,Yes,No,No,No,27.9,28.5,0,0,0,0,0,0,0,0,0,9,0,0,0,0,0,0,0,0,0,0,0,0,0,0,0,0,0,0,0,0,15563,740,439,41,32.0,45.5,46.8,3.312,5.078,12.031,115.000,0,1.625,4.062,13.000,5.383,20.630,156.406,182.419,188.000,201.680,90.4,0,0,0,0.0,360.0,392.1,328.1,323.4,325.8,321.8,360.0,596.4,257.6,256.4,256.9,256.0,2.78,2.96,2.63,2.58,2.98,2.99,0.66,2.12,1.13,1.65,0.45,36,89,3.7,657.5,0,
25.4.2026,11:18:36.500,11661,24721,32.0,8271,24143,25.5,0.0,3968,0,1.226,1.230,1.225,1.225,1.225,1.225,1.225,1.225,1.225,5225.0,5225.0,5225.0,5225.0,5225.0,5225.0,5225.0,5225.0,5225.0,100.0,944.5,279.6,163.8,796.8,523.8,3109.7,1528.6,3618.9,1645.8,1312.3,1018.2,460.7,313.7,139.2,70.7,85.8,45.1,944.5,17.0,4.6,3.2,14.1,8.6,58.0,26.3,67.5,28.1,23.4,18.3,7.3,5.1,1.9,1.5,1.8,1.8,67.5,17.0,19.6,5.9,3.3,16.3,10.5,65.6,31.5,76.2,33.9,27.1,21.0,9.2,6.3,2.8,1.4,1.7,0.9,19.6,52.2,52.2,52.2,52.2,52.2,52.2,52.2,52.2,52.2,0.0,28.0,7.5,19.6,69.7,75.3,33.0,12.8,3.6,2.2,40.1,13.3,80.4,30.3,24.7,67.0,87.2,9.0,8.7,32.0,79.2,0.0,0.0,0.0,0.0,0.0,87.4,89.2,3000.0,30.00,30,36,36,76,112,884,1,56.4,52.8,60.2,42.4,41.0,42.2,48.6,48.1,44.6,39.8,39.0,36.0,41.1,41.1,50.5,45.2,46.2,46.2,49.1,1.214,1.240,1.100,23.675,14.177,23.638,72.500,7.304,61.070,2.464,0.593,2.240,5.308,5.874,3.270,1.776,0.371,0.285,28.759,17.579,54.373,61.253,2000.0,3000.0,5250.8,5250.8,5250.0,37.8,19.7,40.3,37.8,55.5,No,No,No,0.477,0.273,2.2,30,54,44,24,54,1.234,5.040,3.344,3.328,12.000,1.146,1.288,3.360,3.296,3.328,1.056,1.056,1.837,1.385,1.814,0.928,3.360,2.032,986,1434,868,1000,894,56.5,52.8,38.5,1.350,1.365,1.815,1.815,1.005,5.040,0.625,No,No,No,39.8,1.365,1.365,1.815,1.815,1.005,5.040,2.000,No,No,No,52,52,52,95.0,100.0,No,No,50648,75680,40,97.0,100.0,No,No,32331,69813,0.0,0.1,0.1,0.008,0.018,5295,3886,0.0,0.0,0.0,0.000,0.000,0,0,51.2,60.0,1.005,8.442,12.161,12.189,0.975,0,0,0,83.872,27.244,5.667,78.302,52.044,32.264,19.780,31.875,23.807,6.685,17.122,4.890,300.000,350.000,2745.0,1750.1,2212.0,2747.8,2310.0,29.0,4.0,0.0,51.0,4.5,5.7,28.5,0.0,0.0,0.0,0.0,0,0,0,Yes,No,No,Yes,No,No,No,28.0,28.4,0,0,0,0,0,0,0,0,0,9,0,0,0,0,0,0,0,0,0,0,0,0,0,0,0,0,0,0,0,0,15563,740,439,41,32.0,45.5,46.8,3.312,5.062,12.016,115.000,0,1.625,4.312,14.750,5.383,21.832,177.230,204.445,196.000,224.496,91.1,0,0,0,0.0,360.0,397.5,331.3,313.6,323.4,308.5,360.0,676.3,244.9,244.3,244.5,244.1,2.78,2.91,2.65,2.60,2.94,2.97,0.66,2.12,1.15,1.63,0.54,36,89,1.5,0.1,0,
25.4.2026,11:18:38.511,11631,24751,31.9,8237,24177,25.4,0.0,3968,0,1.208,1.210,1.215,1.215,1.205,1.205,1.205,1.205,1.205,4939.3,4653.5,4653.5,5225.0,5225.0,5225.0,5225.0,4653.5,4653.5,100.0,1075.9,369.1,202.4,1046.4,688.9,3593.1,2340.9,3608.5,1460.7,1560.9,1010.7,527.5,374.2,154.8,85.7,106.0,84.9,1075.9,19.6,5.9,3.8,18.7,12.0,67.5,42.2,67.4,24.7,28.1,19.0,9.3,6.8,3.0,1.7,2.2,1.7,67.5,19.6,22.3,6.6,4.1,21.3,13.9,75.9,48.9,76.1,29.7,32.2,20.9,10.6,7.6,3.1,1.7,2.2,1.7,22.3,49.4,46.5,46.5,52.2,52.2,52.2,52.2,46.5,46.5,0.0,30.7,8.0,25.4,80.3,73.8,37.7,13.8,4.0,3.0,40.7,24.2,74.6,19.7,26.2,62.3,84.3,18.9,15.1,28.6,67.8,0.0,0.0,0.0,0.0,1.9,77.1,81.9,3000.0,30.00,30,36,36,76,112,884,1,57.4,54.6,52.0,43.9,42.5,43.6,52.1,48.7,46.2,40.9,40.1,37.1,42.1,42.1,50.5,45.3,46.2,46.2,49.1,1.216,1.240,1.100,25.760,14.224,25.796,77.000,7.316,64.191,2.736,0.852,2.625,6.387,5.670,3.527,1.902,0.511,0.411,31.325,17.638,57.010,64.023,2000.0,3000.0,5249.6,5249.6,5250.0,39.5,21.5,42.8,39.5,57.5,No,No,No,0.970,0.590,2.5,30,57,47,24,57,1.225,5.040,3.344,3.328,12.000,1.146,1.288,3.360,3.296,3.328,1.056,1.056,1.822,1.376,1.814,0.928,3.360,2.024,1033,1505,905,1049,920,56.5,52.8,38.8,1.350,1.365,1.815,1.815,1.005,5.040,0.625,No,No,No,39.8,1.350,1.350,1.815,1.815,1.005,5.040,0.375,No,No,No,52,52,52,95.0,100.0,No,No,50648,75680,40,97.0,100.0,No,No,32331,69813,0.0,0.2,0.2,0.008,0.187,5295,3887,0.0,0.0,0.0,0.000,0.000,0,0,51.2,60.0,1.000,8.449,12.173,12.199,0.975,0,0,0,83.903,27.366,5.721,78.438,52.159,32.339,19.820,31.948,24.165,6.807,17.358,4.902,300.000,350.000,2745.0,1750.1,2212.0,2747.3,2310.0,29.0,4.0,0.0,51.0,4.6,5.7,28.4,0.0,0.0,0.0,0.0,0,0,0,Yes,No,No,Yes,No,No,No,28.0,28.1,0,0,0,0,0,0,0,0,0,9,0,0,0,0,0,0,0,0,0,0,0,0,0,0,0,0,0,0,0,0,15548,755,454,41,32.0,45.5,46.8,3.312,5.078,12.031,115.000,0,1.625,4.125,12.500,5.383,20.947,150.391,176.721,176.000,195.790,90.3,0,0,0,0.0,360.0,399.4,324.8,321.8,322.7,321.5,360.0,374.4,346.2,341.7,344.0,340.2,2.78,2.96,2.63,2.54,3.00,3.02,0.66,2.12,1.24,1.54,0.05,36,90,5.2,790.6,0,
25.4.2026,11:18:40.504,11622,24761,31.9,8229,24185,25.3,0.0,3968,0,1.208,1.210,1.215,1.215,1.205,1.205,1.205,1.205,1.205,5010.7,4653.5,5225.0,5225.0,5225.0,5225.0,5225.0,4653.5,4653.5,100.0,839.8,36.3,50.8,626.4,400.6,2308.0,1452.4,4363.1,1604.7,1102.5,1166.7,163.7,122.5,14.3,10.8,6.5,7.8,839.8,15.2,1.0,0.4,10.9,7.0,42.3,26.0,82.6,26.4,19.3,22.6,2.8,2.3,0.0,0.0,0.0,0.0,82.6,15.2,17.4,0.9,1.0,12.4,7.9,48.1,30.1,92.5,32.5,22.4,24.3,3.1,2.4,0.3,0.2,0.1,0.2,17.4,50.1,46.5,52.2,52.2,52.2,52.2,52.2,46.5,46.5,0.0,24.5,1.6,15.6,57.8,85.4,29.9,4.8,0.5,0.3,36.2,7.8,84.4,42.2,14.6,70.1,65.9,3.2,1.3,39.3,90.6,0.0,0.0,0.0,0.0,29.2,96.4,98.5,3000.0,30.00,30,36,36,76,112,884,1,56.0,51.8,51.1,41.6,39.7,41.7,46.6,48.9,43.7,38.5,38.3,35.5,40.9,40.9,50.8,45.0,46.2,46.2,49.1,1.213,1.240,1.100,21.220,14.116,21.226,49.000,7.300,58.168,2.132,0.170,1.898,4.421,6.477,3.040,0.930,0.074,0.049,25.733,17.504,51.268,58.180,2000.0,3000.0,5251.8,5251.8,5250.0,35.9,17.7,27.2,35.9,54.6,No,No,No,0.221,0.170,2.0,30,56,45,24,56,1.225,5.040,3.344,3.328,12.000,1.146,1.288,3.360,3.296,3.328,1.056,1.056,1.837,1.376,1.814,0.928,3.360,2.024,1044,1500,914,1061,931,56.5,52.8,38.8,1.350,1.365,1.815,1.815,1.005,5.040,0.375,No,No,No,39.8,1.350,1.365,1.800,1.815,1.005,5.040,0.375,No,No,No,52,52,52,95.0,100.0,No,No,50648,75680,40,97.0,100.0,No,No,32331,69813,0.1,0.1,0.2,0.040,0.040,5295,3887,0.0,0.0,0.0,0.000,0.000,0,0,51.3,60.0,1.000,8.448,12.171,12.197,0.975,0,0,0,83.801,27.305,5.684,78.232,52.002,32.247,19.755,31.857,24.185,6.809,17.376,4.902,300.000,350.000,2745.0,1750.1,2212.0,2746.1,2310.0,29.0,4.0,0.0,51.0,4.6,5.7,28.4,0.0,0.0,0.0,0.0,0,0,0,Yes,No,No,Yes,No,No,No,28.0,28.1,0,0,0,0,0,0,0,0,0,9,0,0,0,0,0,0,0,0,0,0,0,0,0,0,0,0,0,0,0,0,15548,755,454,41,32.0,45.5,46.8,3.312,5.078,12.031,115.000,0,1.625,4.125,13.500,5.383,20.947,162.422,188.752,182.000,208.232,90.6,0,0,0,0.0,360.0,392.9,332.4,322.6,326.7,320.5,359.9,404.3,324.0,321.9,322.8,321.4,2.78,2.91,2.65,2.54,2.98,3.02,0.66,2.12,1.25,1.52,0.12,36,90,0.6,0.3,0,
25.4.2026,11:18:42.514,11613,24769,31.9,8225,24189,25.3,0.0,3968,0,1.209,1.205,1.215,1.210,1.210,1.210,1.210,1.205,1.205,5082.1,5225.0,5225.0,5225.0,5225.0,5225.0,5225.0,4653.5,4653.5,100.0,843.6,22.3,34.8,628.4,436.0,4095.3,1995.6,2701.6,983.2,1108.9,1158.2,161.0,135.8,15.4,8.6,6.1,6.8,843.6,15.2,0.3,1.0,10.4,7.0,76.9,34.0,49.2,15.8,19.0,21.9,2.1,2.0,0.6,1.3,1.2,0.0,76.9,15.2,17.5,0.8,0.7,12.5,8.6,86.7,41.1,56.2,19.8,22.5,24.2,3.1,2.7,0.3,0.2,0.1,0.1,17.5,50.8,52.2,52.2,52.2,52.2,52.2,52.2,46.5,46.5,0.0,24.6,1.4,16.0,86.9,56.8,29.8,4.9,0.4,0.2,35.8,6.4,84.0,13.1,43.2,70.2,66.8,2.0,1.0,39.6,92.2,0.0,0.0,0.0,0.0,28.3,97.6,98.8,3000.0,30.00,30,36,36,76,112,884,1,55.1,52.5,53.9,41.5,40.3,40.8,51.0,44.2,44.2,37.9,38.3,35.3,40.7,40.7,50.5,45.1,46.2,46.2,49.1,1.213,1.240,1.100,21.202,14.134,21.202,49.000,7.292,58.153,2.135,0.137,1.908,6.649,4.254,3.067,0.947,0.068,0.047,25.712,17.526,51.259,58.162,2000.0,3000.0,5252.4,5252.4,5250.0,35.9,17.7,27.2,35.9,55.3,No,No,No,0.225,0.141,2.0,30,55,44,24,55,1.234,5.040,3.360,3.328,12.000,1.146,1.288,3.360,3.296,3.328,1.056,1.056,1.822,1.376,1.814,0.928,3.360,2.024,994,1434,876,1008,989,56.5,52.8,38.8,1.350,1.365,1.815,1.815,1.005,5.040,0.750,No,No,No,39.8,1.350,1.365,1.815,1.800,1.005,5.040,0.625,No,No,No,52,52,52,95.0,100.0,No,No,50648,75680,40,97.0,100.0,No,No,32331,69813,0.0,0.1,0.1,0.000,0.030,5295,3887,0.0,0.0,0.0,0.000,0.000,0,0,51.3,60.0,1.000,8.445,12.168,12.193,0.975,0,0,0,83.733,27.228,5.670,78.060,51.892,32.178,19.714,31.788,24.035,6.662,17.373,4.908,300.000,350.000,2745.0,1750.1,2212.0,2746.5,2310.0,29.0,4.0,0.0,52.0,4.6,5.7,28.3,0.0,0.0,0.0,0.0,0,0,0,Yes,No,No,Yes,No,No,No,27.9,28.1,0,0,0,0,0,0,0,0,0,9,0,0,0,0,0,0,0,0,0,0,0,0,0,0,0,0,0,0,0,0,15548,755,454,41,32.0,45.5,46.8,3.312,5.078,12.031,115.000,0,1.625,4.062,12.750,5.383,20.630,153.398,179.411,174.000,198.570,90.4,0,0,0,0.0,359.9,394.3,332.9,324.6,328.7,322.0,360.0,438.9,305.2,302.9,304.2,302.3,2.78,2.88,2.67,2.56,2.96,3.04,0.66,2.12,1.26,1.52,0.20,36,90,2.5,13.2,0,
25.4.2026,11:18:44.522,11584,24798,31.8,8206,24208,25.3,0.0,3968,0,1.215,1.220,1.210,1.215,1.215,1.215,1.215,1.215,1.215,5010.7,5225.0,4653.5,5225.0,5225.0,5225.0,5225.0,4653.5,4653.5,100.0,843.7,32.0,35.8,631.8,424.9,3802.5,1484.2,3262.8,1189.4,1138.9,1135.8,172.6,146.3,15.0,10.1,6.7,11.3,843.7,15.5,1.2,1.0,11.0,7.5,72.1,24.9,60.7,19.8,19.8,22.0,3.0,2.9,0.6,0.5,0.5,0.6,72.1,15.5,17.5,1.0,0.7,12.5,8.4,80.5,30.2,68.5,24.0,23.1,23.7,3.3,3.0,0.3,0.2,0.1,0.2,17.5,50.1,52.2,46.5,52.2,52.2,52.2,52.2,46.5,46.5,0.0,24.5,1.5,16.0,76.4,66.3,30.0,5.4,0.5,0.3,38.5,7.2,84.0,23.6,33.7,70.0,83.4,4.6,1.5,36.9,91.3,0.0,0.0,0.0,0.0,11.2,94.9,98.1,3000.0,30.00,30,36,36,76,112,884,1,54.5,52.3,53.4,41.6,40.1,41.1,49.3,46.0,44.0,38.4,38.3,35.4,40.8,40.8,50.5,45.1,46.2,46.2,49.1,1.214,1.240,1.100,21.406,14.125,21.403,50.000,7.296,58.401,2.170,0.161,1.913,5.842,5.056,3.060,1.181,0.095,0.052,25.962,17.515,51.502,58.403,2000.0,3000.0,5252.3,5252.3,5250.0,36.1,17.8,27.8,36.1,55.1,No,No,No,0.224,0.151,2.0,30,54,43,24,54,1.225,5.040,3.360,3.328,12.000,1.146,1.288,3.360,3.296,3.328,1.056,1.056,1.837,1.376,1.814,0.928,3.360,2.024,962,1443,858,970,981,56.5,52.8,38.8,1.350,1.365,1.815,1.815,1.005,5.040,0.750,No,No,No,39.8,1.350,1.365,1.815,1.815,1.005,5.040,0.750,No,No,No,52,52,52,95.0,100.0,No,No,50648,75680,40,97.0,100.0,No,No,32331,69813,0.0,0.2,0.2,0.000,0.034,5295,3887,0.0,0.0,0.0,0.000,0.000,0,0,51.4,60.0,1.000,8.443,12.164,12.191,0.975,0,0,0,83.933,30.752,5.681,78.106,51.934,32.198,19.736,31.808,24.033,6.640,17.393,39.991,300.000,350.000,2745.0,1750.1,2212.0,2747.1,2310.0,29.0,4.0,0.0,52.0,4.6,5.7,28.4,0.0,0.0,0.0,0.0,0,0,0,Yes,No,No,Yes,No,No,No,27.9,27.8,0,0,0,0,0,0,0,0,0,9,0,0,0,0,0,0,0,0,0,0,0,0,0,0,0,0,0,0,0,0,15548,755,454,41,32.0,45.5,46.8,3.312,5.078,12.031,115.000,0,1.625,4.125,13.000,5.383,20.947,156.406,182.736,176.000,202.008,90.5,0,0,0,0.0,360.0,396.1,329.3,323.9,326.6,321.8,360.2,480.2,287.7,286.6,287.1,286.5,2.78,2.89,2.67,2.63,2.91,2.94,0.66,2.12,1.25,1.53,0.28,36,90,3.4,10.1,0,
25.4.2026,11:18:46.518,11578,24804,31.8,8200,24214,25.2,0.0,3968,0,1.215,1.215,1.215,1.215,1.215,1.215,1.215,1.215,1.215,4939.3,5225.0,4653.5,5225.0,5225.0,5225.0,4653.5,4653.5,4653.5,100.0,955.7,90.2,67.7,737.6,556.7,4697.7,2352.7,2022.2,1641.9,1296.8,1243.3,250.7,211.8,49.4,34.0,18.7,20.4,955.7,17.0,2.1,0.7,12.3,9.2,89.2,41.3,35.6,29.2,22.9,23.1,3.6,3.2,0.4,0.0,0.0,0.0,89.2,17.0,19.9,2.2,1.4,14.8,11.2,99.8,48.9,41.2,34.1,26.5,26.0,4.9,4.3,1.0,0.7,0.4,0.4,19.9,49.4,52.2,46.5,52.2,52.2,52.2,46.5,46.5,46.5,0.0,26.4,2.7,18.6,91.9,54.5,34.0,7.3,1.2,0.6,39.0,13.5,81.4,8.1,45.5,66.0,86.9,7.5,3.1,34.6,83.8,0.0,0.0,0.0,0.0,5.8,91.2,96.3,3000.0,30.00,30,36,36,76,112,884,1,56.5,54.6,53.4,42.5,41.4,41.4,53.5,44.7,45.7,38.9,39.0,35.7,41.4,41.4,51.2,45.3,46.2,46.2,49.1,1.214,1.240,1.100,23.364,14.182,23.353,70.500,7.311,60.905,2.405,0.334,2.129,7.450,4.219,3.424,1.410,0.183,0.090,28.372,17.584,53.998,60.925,2000.0,3000.0,5251.6,5251.6,5250.0,37.6,19.5,39.2,37.6,57.4,No,No,No,0.697,0.306,2.1,30,56,45,24,56,1.225,5.040,3.360,3.328,12.000,1.146,1.288,3.360,3.296,3.328,1.056,1.056,1.822,1.385,1.814,0.928,3.360,2.024,962,1413,850,991,986,56.5,52.8,38.8,1.350,1.365,1.815,1.815,1.005,5.040,0.625,No,No,No,39.8,1.350,1.365,1.815,1.815,1.005,5.040,0.250,No,No,No,52,52,52,95.0,100.0,No,No,50648,75680,40,97.0,100.0,No,No,32331,69813,0.0,0.1,0.1,0.000,0.067,5295,3887,0.0,0.0,0.0,0.000,0.000,0,0,51.5,60.0,1.000,8.447,12.171,12.196,0.975,0,0,0,84.054,29.744,5.708,78.055,51.911,32.183,19.728,31.793,24.030,6.673,17.357,29.997,300.000,350.000,2745.0,1750.1,2212.0,2746.8,2310.0,29.0,4.0,0.0,51.0,4.6,5.7,28.3,0.0,0.0,0.0,0.0,0,0,0,Yes,No,No,Yes,No,No,No,27.9,28.0,0,0,0,0,0,0,0,0,0,9,0,0,0,0,0,0,0,0,0,0,0,0,0,0,0,0,0,0,0,0,15548,755,454,41,32.0,45.5,46.8,3.312,5.078,12.031,115.000,0,1.625,4.125,13.000,5.383,20.947,156.406,182.736,188.000,202.008,90.5,0,0,0,0.0,359.9,395.1,331.5,324.6,327.9,322.2,360.0,531.6,271.9,263.5,268.5,259.4,2.78,2.88,2.68,2.57,2.94,3.07,0.66,2.12,1.23,1.54,0.36,36,90,0.7,0.2,0,
25.4.2026,11:18:48.514,11639,24743,31.9,8257,24157,25.4,0.0,3968,0,1.212,1.215,1.210,1.210,1.210,1.210,1.210,1.215,1.215,5010.7,5225.0,5225.0,5225.0,5225.0,5225.0,4653.5,4653.5,4653.5,100.0,1393.8,743.6,494.6,1369.4,1128.3,3056.3,2314.5,2744.4,3988.2,1747.1,1603.9,862.0,722.7,466.4,354.9,390.3,315.0,1393.8,25.3,10.0,9.0,24.8,20.1,56.3,42.1,48.9,75.4,30.8,29.7,15.5,13.0,8.6,7.3,7.4,5.9,75.4,25.3,28.9,12.3,10.2,28.4,23.2,64.3,48.6,56.9,84.6,36.2,33.3,17.8,14.9,9.7,7.4,8.2,6.6,28.9,50.1,52.2,52.2,52.2,52.2,52.2,46.5,46.5,46.5,0.0,37.5,15.2,34.7,73.2,86.3,47.1,22.5,11.4,9.5,39.9,35.6,65.3,26.8,13.7,52.9,76.9,26.7,21.5,22.6,49.2,0.0,0.0,0.0,0.0,0.5,61.8,69.0,3000.0,30.00,30,36,36,76,112,884,1,59.2,56.5,53.9,46.2,44.2,46.3,52.4,53.3,48.7,43.6,42.2,39.1,43.2,43.2,51.0,45.4,46.3,46.3,49.3,1.218,1.240,1.100,31.339,14.315,31.347,87.500,7.335,71.110,3.436,1.599,3.377,6.036,7.218,4.351,2.633,1.232,1.041,38.255,17.749,64.072,71.112,2000.0,3000.0,5247.2,5247.2,5250.0,43.9,26.1,48.6,43.9,59.4,No,No,No,1.685,0.997,3.0,30,59,48,24,59,1.243,5.040,3.360,3.328,12.000,1.146,1.288,3.360,3.296,3.328,1.056,1.056,1.822,1.385,1.814,0.928,3.360,2.032,1038,1511,915,1060,1076,56.5,52.8,38.8,1.350,1.365,1.815,1.815,1.005,5.040,0.625,No,No,No,39.8,1.365,1.365,1.815,1.815,1.005,5.040,0.375,No,No,No,52,52,52,95.0,100.0,No,No,50648,75680,40,97.0,100.0,No,No,32331,69813,0.0,0.1,0.1,0.008,0.059,5295,3887,0.0,0.0,0.0,0.000,0.000,0,0,51.5,60.0,1.000,8.446,12.167,12.195,0.975,0,0,0,83.924,32.750,5.694,78.008,51.868,32.166,19.702,31.776,24.162,6.783,17.379,59.959,300.000,350.000,2745.0,1750.1,2212.0,2747.8,2310.0,29.0,4.0,0.0,51.0,4.6,5.7,28.6,0.0,0.0,0.0,0.0,0,0,0,Yes,No,No,Yes,No,No,No,27.9,27.7,0,0,0,0,0,0,0,0,0,9,0,0,0,0,0,0,0,0,0,0,0,0,0,0,0,0,0,0,0,0,15548,755,454,42,32.0,45.5,46.8,3.312,5.078,12.031,115.000,0,1.625,4.062,13.000,5.383,20.630,156.406,182.419,186.000,201.680,90.4,0,0,0,0.0,359.9,401.2,329.3,324.1,326.4,322.9,360.0,593.7,258.1,253.6,256.2,251.5,2.78,2.95,2.60,2.52,2.99,3.05,0.66,2.12,1.24,1.53,0.45,36,90,4.6,156.8,0,
25.4.2026,11:18:50.526,11637,24745,31.9,8243,24171,25.4,0.0,3968,0,1.210,1.205,1.215,1.210,1.210,1.210,1.210,1.210,1.210,4939.3,4653.5,4653.5,5225.0,5225.0,5225.0,5225.0,4653.5,4653.5,100.0,871.0,59.0,58.5,685.5,525.6,2242.3,1958.4,2286.5,3401.9,993.0,1241.6,219.3,176.8,34.1,23.4,15.0,14.7,871.0,16.0,1.4,1.2,12.0,9.2,41.1,35.4,40.3,63.3,17.0,23.7,3.7,3.2,0.8,0.6,1.2,1.2,63.3,16.0,18.0,1.5,1.2,13.7,10.5,46.9,40.7,46.8,71.7,20.0,25.8,4.3,3.5,0.7,0.5,0.3,0.3,18.0,49.4,46.5,46.5,52.2,52.2,52.2,52.2,46.5,46.5,0.0,25.4,2.3,18.4,63.7,80.5,30.1,6.5,1.0,0.5,38.9,11.3,81.6,36.3,19.5,69.9,83.1,7.2,2.7,35.7,86.4,0.0,0.0,0.0,0.0,10.4,91.8,96.8,3000.0,30.00,30,36,36,76,112,884,1,57.4,52.3,50.1,42.1,40.3,42.1,47.8,48.7,44.1,39.1,38.7,35.8,41.2,41.2,50.5,45.2,46.2,46.2,49.2,1.214,1.240,1.100,21.924,14.134,21.930,55.000,7.298,59.080,2.228,0.248,2.070,4.834,6.136,3.044,1.273,0.153,0.066,26.595,17.526,52.149,59.069,2000.0,3000.0,5251.3,5251.3,5250.0,36.5,18.3,30.6,36.5,55.1,No,No,No,0.325,0.207,2.0,30,57,47,24,57,1.234,5.040,3.360,3.328,12.000,1.146,1.288,3.360,3.296,3.328,1.056,1.056,1.822,1.376,1.814,0.928,3.360,2.032,1127,1595,938,1131,1120,56.5,52.8,38.8,1.365,1.365,1.815,1.815,1.005,5.040,0.625,No,No,No,39.8,1.365,1.350,1.815,1.815,1.005,5.040,0.750,No,No,No,52,52,52,95.0,100.0,No,No,50648,75680,40,97.0,100.0,No,No,32331,69813,0.1,0.2,0.3,0.044,0.118,5295,3887,0.0,0.0,0.0,0.000,0.000,0,0,51.6,58.0,1.000,8.447,12.171,12.195,0.975,0,0,0,83.828,32.341,5.696,78.085,51.931,32.199,19.732,31.809,24.381,6.997,17.384,55.194,300.000,350.000,2745.0,1750.1,2212.0,2745.9,2310.0,29.0,4.0,0.0,51.0,4.6,5.7,28.4,0.0,0.0,0.0,0.0,0,0,0,Yes,No,No,Yes,No,No,No,27.9,27.9,0,0,0,0,0,0,0,0,0,9,0,0,0,0,0,0,0,0,0,0,0,0,0,0,0,0,0,0,0,0,15548,755,454,42,32.0,45.5,46.8,3.312,5.078,12.031,115.000,0,1.625,4.062,12.500,5.383,20.630,150.391,176.403,176.000,195.462,90.2,0,0,0,0.0,360.0,393.9,333.2,326.7,329.9,324.9,360.0,669.3,246.2,243.9,245.1,243.6,2.78,2.93,2.63,2.54,2.97,3.01,0.66,2.12,1.25,1.52,0.53,36,90,1.4,0.1,0,
25.4.2026,11:18:52.522,11623,24759,31.9,8236,24178,25.4,0.0,3968,0,1.212,1.210,1.210,1.210,1.210,1.210,1.215,1.215,1.215,5010.7,4653.5,5225.0,5225.0,5225.0,5225.0,5225.0,4653.5,4653.5,100.0,842.0,23.7,41.6,614.1,486.3,3493.9,1936.7,1882.2,2453.9,917.4,1227.3,190.2,167.2,17.8,8.2,5.1,7.1,842.0,15.3,1.1,1.0,10.7,8.7,65.9,33.6,33.0,45.0,15.8,23.8,3.3,3.2,0.5,0.0,0.0,0.0,65.9,15.3,17.5,1.1,0.8,12.2,9.8,74.0,39.8,38.4,51.4,18.5,25.6,3.7,3.4,0.3,0.2,0.1,0.1,17.5,50.1,46.5,52.2,52.2,52.2,52.2,52.2,46.5,46.5,0.0,24.6,1.7,16.5,78.2,64.6,28.7,6.0,0.5,0.2,37.5,6.1,83.5,21.8,35.4,71.3,78.1,2.3,1.1,38.0,92.2,0.0,0.0,0.0,0.0,15.9,97.2,98.6,3000.0,30.00,30,36,36,76,112,884,1,56.1,52.3,53.9,41.7,40.2,41.3,49.7,45.8,44.0,38.5,38.4,35.5,40.9,40.9,51.0,45.3,46.2,46.2,49.2,1.213,1.240,1.100,21.288,14.130,21.290,49.000,7.293,58.301,2.146,0.136,1.957,5.984,4.853,2.972,1.151,0.066,0.047,25.817,17.521,51.360,58.268,2000.0,3000.0,5251.7,5251.7,5250.0,36.0,17.7,27.2,36.0,55.1,No,No,No,0.233,0.150,2.0,30,56,45,24,56,1.225,5.040,3.360,3.328,12.096,1.146,1.288,3.360,3.296,3.328,1.056,1.056,1.837,1.376,1.814,0.928,3.360,2.024,1052,1485,931,1078,1058,56.5,52.8,38.8,1.365,1.365,1.815,1.815,1.005,5.040,0.625,No,No,No,39.8,1.365,1.365,1.800,1.815,1.005,5.040,0.625,No,No,No,52,52,52,95.0,100.0,No,No,50648,75680,40,97.0,100.0,No,No,32331,69813,0.0,0.1,0.1,0.000,0.010,5295,3887,0.0,0.0,0.0,0.000,0.000,0,0,51.5,60.0,1.000,8.447,12.171,12.196,0.975,0,0,0,83.970,27.310,5.708,78.309,52.080,32.287,19.793,31.897,24.039,6.833,17.206,4.951,300.000,350.000,2745.0,1750.1,2212.0,2746.3,2310.0,29.0,4.0,0.0,51.0,4.6,5.7,28.4,0.0,0.0,0.0,0.0,0,0,0,Yes,No,No,Yes,No,No,No,28.0,27.9,0,0,0,0,0,0,0,0,0,9,0,0,0,0,0,0,0,0,0,0,0,0,0,0,0,0,0,0,0,0,15548,755,454,42,32.0,45.5,46.8,3.312,5.078,12.031,115.000,0,1.625,4.062,13.250,5.383,20.630,159.414,185.427,186.000,204.791,90.5,0,0,0,0.0,360.0,399.8,322.4,315.8,316.3,315.8,360.1,378.4,346.9,324.3,333.3,320.2,2.78,2.99,2.57,2.48,3.04,3.09,0.66,2.12,1.24,1.53,0.05,36,90,0.0,0.1,0,
25.4.2026,11:18:54.519,11671,24711,32.0,8263,24151,25.4,0.0,3968,0,1.230,1.235,1.235,1.235,1.235,1.225,1.225,1.225,1.225,5153.6,5225.0,5225.0,5225.0,5225.0,5225.0,5225.0,5225.0,4653.5,100.0,947.7,218.8,120.9,763.6,552.6,3425.0,3202.9,1640.2,1824.1,1092.2,1324.6,342.9,239.4,144.9,74.3,129.4,66.6,947.7,17.3,3.4,2.3,13.4,9.7,63.1,58.6,28.7,32.6,19.0,24.9,6.0,4.3,2.7,2.9,3.2,1.3,63.1,17.3,19.6,3.9,2.5,15.4,11.1,72.1,67.2,33.3,37.8,22.1,27.7,6.9,4.8,2.9,1.5,2.7,1.3,19.6,51.5,52.2,52.2,52.2,52.2,52.2,52.2,52.2,46.5,0.0,27.3,5.1,19.6,92.5,53.3,32.0,9.2,3.6,3.3,33.8,6.4,80.4,7.5,46.7,68.0,55.1,3.7,2.8,38.9,88.6,0.0,0.0,0.0,0.0,35.7,92.7,94.0,3000.0,30.00,30,36,36,76,112,884,1,55.9,53.1,60.2,42.0,41.0,41.3,52.1,44.1,44.7,38.4,38.8,35.8,40.9,40.9,50.8,45.3,46.2,46.2,49.2,1.214,1.240,1.100,22.802,14.158,22.752,75.000,7.296,59.783,2.338,0.418,2.162,7.130,4.034,3.227,1.118,0.324,0.293,27.687,17.556,53.269,60.122,2000.0,3000.0,5251.7,5251.7,5250.0,37.1,19.0,41.7,37.1,55.8,No,No,No,0.379,0.228,2.2,30,55,44,24,55,1.234,5.040,3.360,3.328,12.000,1.146,1.288,3.360,3.296,3.328,1.056,1.056,1.837,1.385,1.814,0.928,3.360,2.024,1002,1451,861,1006,1003,56.5,52.8,38.8,1.365,1.365,1.800,1.815,1.005,5.040,1.000,No,No,No,39.8,1.365,1.365,1.800,1.800,1.005,5.040,0.875,No,No,No,52,52,52,95.0,100.0,No,No,50648,75680,41,97.0,100.0,No,No,32331,69813,0.0,0.0,0.0,0.008,0.000,5295,3887,0.0,0.0,0.0,0.000,0.000,0,0,51.6,60.0,1.000,8.447,12.171,12.195,0.975,0,0,0,83.967,27.272,5.708,78.100,51.938,32.209,19.729,31.819,24.134,6.929,17.205,4.951,300.000,350.000,2745.0,1750.1,2212.0,2746.4,2310.0,29.0,4.0,0.0,51.0,4.6,5.7,28.4,0.0,0.0,0.0,0.0,0,0,0,Yes,No,No,Yes,No,No,No,27.9,28.0,0,0,0,0,0,0,0,0,0,9,0,0,0,0,0,0,0,0,0,0,0,0,0,0,0,0,0,0,0,0,15548,755,454,42,32.0,45.5,46.8,3.312,5.062,12.031,115.000,0,1.625,4.375,15.750,5.383,22.148,189.492,217.023,208.000,237.559,91.4,0,0,0,0.0,359.9,394.0,329.8,312.4,321.8,305.4,359.9,401.7,325.4,323.2,324.3,322.6,2.78,2.89,2.66,2.54,2.97,3.00,0.66,2.12,1.25,1.53,0.12,36,92,1.1,717.0,0,
25.4.2026,11:18:56.529,11611,24771,31.9,8236,24179,25.4,0.0,3968,0,1.212,1.215,1.210,1.210,1.210,1.210,1.215,1.215,1.215,4939.3,4653.5,5225.0,5225.0,5225.0,5225.0,4653.5,4653.5,4653.5,100.0,914.8,170.1,102.0,677.7,555.4,1548.2,2651.4,3241.5,2670.2,1053.6,1284.3,320.3,209.6,66.1,41.0,26.9,18.7,914.8,16.0,1.7,0.4,11.0,9.0,26.9,49.0,59.5,47.8,17.6,24.6,4.8,3.0,0.5,0.0,0.0,0.0,59.5,16.0,18.9,2.7,2.0,13.5,11.1,32.0,55.7,68.0,55.7,21.3,26.7,6.4,4.2,1.3,0.8,0.5,0.4,18.9,49.4,46.5,52.2,52.2,52.2,52.2,46.5,46.5,46.5,0.0,26.7,4.2,19.0,62.9,83.9,32.5,8.7,1.9,0.8,39.5,15.0,81.0,37.1,16.1,67.5,79.4,11.5,8.0,33.8,80.8,0.0,0.0,0.0,0.0,11.9,86.6,91.1,3000.0,30.00,30,36,36,76,112,884,1,55.8,52.9,53.9,42.6,40.7,42.6,48.0,49.8,44.7,39.8,39.2,36.2,41.4,41.4,49.8,45.0,46.3,46.3,49.4,1.214,1.240,1.100,23.009,14.182,23.056,61.000,7.297,60.841,2.363,0.439,2.132,4.810,6.478,3.191,1.415,0.277,0.164,27.942,17.585,53.555,60.538,2000.0,3000.0,5250.6,5250.6,5250.0,37.4,19.2,33.9,37.4,55.6,No,No,No,0.433,0.309,2.1,30,55,45,24,55,1.234,5.040,3.360,3.328,12.000,1.146,1.288,3.360,3.296,3.328,1.056,1.056,1.822,1.385,1.814,0.928,3.360,2.032,1000,1459,859,1008,996,56.5,52.8,38.8,1.365,1.365,1.800,1.800,1.005,5.040,0.375,No,No,No,39.8,1.365,1.365,1.800,1.800,1.005,5.040,0.375,No,No,No,52,53,52,95.0,100.0,No,No,50648,75680,40,97.0,100.0,No,No,32331,69813,0.0,0.2,0.2,0.016,0.102,5295,3888,0.0,0.0,0.0,0.000,0.000,0,0,51.5,60.0,1.005,8.444,12.165,12.191,0.975,0,0,0,83.930,27.325,5.693,78.232,52.016,32.245,19.771,31.856,24.244,6.928,17.316,4.951,300.000,350.000,2745.0,1750.1,2212.0,2747.2,2310.0,29.0,4.0,0.0,51.0,4.6,5.7,28.6,0.0,0.0,0.0,0.0,0,0,0,Yes,No,No,Yes,No,No,No,28.0,28.4,0,0,0,0,0,0,0,0,0,9,0,0,0,0,0,0,0,0,0,0,0,0,0,0,0,0,0,0,0,0,15548,755,454,42,32.0,45.5,46.8,3.312,5.078,12.031,115.000,0,1.625,4.125,13.000,5.383,20.947,156.406,182.736,180.000,202.008,90.5,0,0,0,0.0,359.9,398.8,328.1,326.2,327.0,326.1,360.0,437.1,306.5,304.2,305.2,304.1,2.78,2.98,2.63,2.56,3.00,3.02,0.66,2.12,1.25,1.53,0.20,36,92,3.3,0.2,0,
25.4.2026,11:18:58.522,11625,24757,31.9,8236,24178,25.4,0.0,3968,0,1.220,1.220,1.220,1.220,1.220,1.220,1.220,1.220,1.220,4939.3,4653.5,4653.5,5225.0,5225.0,5225.0,5225.0,4653.5,4653.5,100.0,948.3,121.0,84.0,730.5,592.2,3936.3,2555.2,1975.7,2017.2,1025.2,1355.3,299.0,256.2,51.2,46.9,80.8,45.6,948.3,17.5,2.5,2.5,12.8,10.5,73.9,45.6,35.6,36.1,17.7,25.7,5.3,4.8,1.2,1.9,2.6,1.9,73.9,17.5,19.7,2.6,1.7,14.6,11.9,83.4,53.2,40.8,41.8,20.7,28.2,5.9,5.2,1.0,1.0,1.7,0.9,19.7,49.4,46.5,46.5,52.2,52.2,52.2,52.2,46.5,46.5,0.0,27.1,3.5,19.6,89.7,59.6,32.4,8.3,1.6,2.0,38.5,14.4,80.4,10.3,40.4,67.6,79.6,8.9,6.5,34.4,82.1,0.0,0.0,0.0,0.0,12.1,89.5,91.4,3000.0,30.00,30,36,36,76,112,884,1,56.0,53.5,57.0,42.4,41.1,41.7,52.2,45.5,44.8,39.1,38.8,36.0,41.1,41.1,50.5,45.4,46.2,46.2,49.5,1.214,1.240,1.100,23.313,14.202,23.291,72.500,7.294,60.649,2.399,0.382,2.193,7.024,4.549,3.190,1.406,0.221,0.224,28.301,17.609,53.934,60.841,2000.0,3000.0,5251.2,5251.2,5250.0,37.6,19.4,40.3,37.6,56.3,No,No,No,0.636,0.302,2.2,30,55,44,24,55,1.234,5.040,3.344,3.328,12.000,1.146,1.288,3.360,3.296,3.328,1.056,1.056,1.822,1.376,1.814,0.928,3.360,2.032,983,1473,868,998,986,56.5,52.8,38.8,1.365,1.365,1.800,1.800,1.005,5.110,0.875,No,No,No,39.8,1.365,1.365,1.800,1.800,1.005,5.040,0.750,No,No,No,52,52,52,95.0,100.0,No,No,50648,75680,41,97.0,100.0,No,No,32331,69813,1.4,0.2,1.6,5.494,0.108,5306,3888,0.0,0.0,0.0,0.000,0.000,0,0,51.6,60.0,1.000,8.443,12.163,12.191,0.975,0,0,0,83.938,27.330,5.680,78.300,52.056,32.272,19.784,31.882,24.176,6.916,17.260,4.976,300.000,350.000,2745.0,1750.1,2212.0,2746.3,2310.0,29.0,4.0,0.0,51.0,4.6,5.7,28.3,0.0,0.0,0.0,0.0,0,0,0,Yes,No,No,Yes,No,No,No,28.0,27.8,0,0,0,0,0,0,0,0,0,9,0,0,0,0,0,0,0,0,0,0,0,0,0,0,0,0,0,0,0,0,15546,757,456,42,32.0,45.5,46.8,3.312,5.062,12.031,115.000,0,1.625,4.250,12.250,5.383,21.516,147.383,174.281,180.000,193.270,90.2,0,0,0,0.0,360.0,528.3,300.3,183.9,225.9,176.8,360.0,479.4,288.5,286.0,287.2,285.6,2.78,2.96,2.59,1.80,3.46,4.11,0.66,2.11,1.27,1.50,0.28,36,92,2.6,32.0,0,
25.4.2026,11:19:0.517,11615,24767,31.9,8242,24172,25.4,0.0,3968,0,1.215,1.215,1.215,1.215,1.215,1.215,1.215,1.215,1.215,4939.3,4653.5,5225.0,5225.0,5225.0,5225.0,4653.5,4653.5,4653.5,100.0,852.1,38.5,56.6,610.7,501.2,3087.4,2533.6,1910.4,2416.7,799.0,1241.7,193.0,175.9,23.6,24.4,10.1,10.9,852.1,15.2,0.5,0.6,10.2,8.5,57.5,45.8,33.6,43.9,13.5,23.4,2.8,2.7,0.0,0.0,0.0,0.0,57.5,15.2,17.7,1.1,1.1,12.2,10.1,65.2,53.0,39.2,50.5,16.2,25.9,3.7,3.5,0.5,0.5,0.2,0.2,17.7,49.4,46.5,52.2,52.2,52.2,52.2,46.5,46.5,46.5,0.0,24.6,2.0,16.7,79.3,63.5,28.5,5.9,0.8,0.4,38.7,8.7,83.3,20.7,36.5,71.5,82.7,4.5,1.9,36.6,89.3,0.0,0.0,0.0,0.0,11.4,94.7,97.7,3000.0,30.00,30,36,36,76,112,884,1,55.6,53.1,51.6,42.0,40.6,41.5,50.5,46.0,44.3,38.8,38.7,35.8,41.1,41.1,50.5,45.5,46.2,46.2,49.4,1.214,1.240,1.100,21.589,14.167,21.610,59.500,7.293,58.926,2.181,0.190,1.977,6.158,4.800,2.941,1.218,0.106,0.058,26.194,17.566,51.782,58.737,2000.0,3000.0,5251.7,5251.7,5250.0,36.3,18.0,33.1,36.3,55.9,No,No,No,0.485,0.304,2.0,30,55,45,24,55,1.225,5.040,3.360,3.328,12.000,1.146,1.288,3.360,3.296,3.328,1.056,1.056,1.837,1.385,1.814,0.928,3.360,2.024,1007,1472,879,1007,1003,56.5,52.8,38.8,1.350,1.365,1.800,1.800,1.005,5.110,0.750,No,No,No,39.8,1.365,1.365,1.800,1.800,1.005,5.110,0.250,No,No,No,52,52,52,95.0,100.0,No,No,50648,75680,40,97.0,100.0,No,No,32331,69813,0.0,0.1,0.1,0.000,0.032,5306,3888,0.0,0.0,0.0,0.000,0.000,0,0,51.6,60.0,1.000,8.447,12.171,12.195,0.975,0,0,0,84.163,27.284,5.708,78.058,51.911,32.194,19.717,31.804,24.238,6.916,17.322,4.976,300.000,350.000,2745.0,1750.1,2212.0,2746.2,2310.0,29.0,4.0,0.0,49.0,4.6,5.7,28.3,0.0,0.0,0.0,0.0,0,0,0,Yes,No,No,Yes,No,No,No,27.9,27.6,0,0,0,0,0,0,0,0,0,9,0,0,0,0,0,0,0,0,0,0,0,0,0,0,0,0,0,0,0,0,15550,753,452,41,32.0,45.5,46.8,3.312,5.078,12.031,115.000,0,1.625,4.125,12.500,5.383,20.947,150.391,176.721,174.000,195.790,90.3,0,0,0,0.0,359.9,401.5,323.5,315.2,317.2,314.7,359.7,527.5,273.0,268.3,270.7,267.7,2.78,2.95,2.62,2.55,2.98,3.01,0.65,2.12,1.07,1.71,0.35,36,92,0.5,0.4,0,
25.4.2026,11:19:2.526,11627,24755,31.9,8260,24155,25.4,0.0,3968,0,1.211,1.215,1.210,1.210,1.210,1.210,1.210,1.210,1.210,5010.7,4653.5,5225.0,5225.0,5225.0,5225.0,5225.0,4653.5,4653.5,100.0,1122.7,499.1,267.8,1071.2,776.1,2946.0,2890.7,1935.4,3125.0,1335.9,1340.1,653.4,397.6,270.4,157.2,168.7,128.6,1122.7,20.4,7.0,4.9,19.0,13.7,54.9,53.5,33.8,58.4,23.7,25.3,11.6,7.1,5.0,2.9,3.2,2.5,58.4,20.4,23.2,7.9,5.4,21.9,15.7,62.2,60.7,39.5,65.9,27.5,27.9,13.4,8.0,5.5,3.2,3.4,2.6,23.2,50.1,46.5,52.2,52.2,52.2,52.2,52.2,46.5,46.5,0.0,32.4,10.8,28.2,79.2,73.4,39.4,16.6,6.9,4.8,41.2,31.0,71.8,20.8,26.6,60.6,81.3,19.9,17.4,26.4,58.2,0.0,0.0,0.0,0.0,2.2,73.1,77.7,3000.0,30.00,30,36,36,76,112,884,1,57.4,54.8,53.0,44.2,43.0,43.9,52.2,48.8,46.7,41.3,40.7,37.5,42.2,42.2,51.2,45.3,46.3,46.3,49.5,1.216,1.240,1.100,26.824,14.259,26.826,78.000,7.319,65.351,2.868,1.108,2.771,6.348,5.663,3.665,2.076,0.742,0.573,32.642,17.680,58.373,65.352,2000.0,3000.0,5248.8,5248.8,5250.0,40.3,22.4,43.3,40.3,57.7,No,No,No,1.079,0.572,2.6,30,57,47,24,57,1.225,5.040,3.344,3.328,12.000,1.146,1.288,3.360,3.296,3.328,1.056,1.056,1.822,1.376,1.814,0.928,3.360,2.024,1038,1525,909,1064,1021,56.5,52.8,38.8,1.350,1.365,1.800,1.800,1.005,5.110,0.625,No,No,No,39.8,1.350,1.350,1.800,1.800,1.005,5.110,0.625,No,No,No,52,52,52,95.0,100.0,No,No,50648,75680,40,97.0,100.0,No,No,32331,69813,0.4,0.2,0.6,0.819,0.199,5308,3888,0.0,0.0,0.0,0.000,0.000,0,0,51.6,60.0,1.000,8.449,12.173,12.199,0.975,0,0,0,84.159,27.318,5.709,78.134,51.957,32.212,19.745,31.822,24.312,6.857,17.455,4.976,300.000,350.000,2745.0,1750.1,2212.0,2746.6,2310.0,29.0,4.0,0.0,49.0,4.6,5.7,28.3,0.0,0.0,0.0,0.0,0,0,0,Yes,No,No,Yes,No,No,No,28.0,28.7,0,0,0,0,0,0,0,0,0,9,0,0,0,0,0,0,0,0,0,0,0,0,0,0,0,0,0,0,0,0,15553,750,450,41,32.0,45.5,46.8,3.312,5.078,12.031,115.000,0,1.625,4.062,13.000,5.383,20.630,156.406,182.419,182.000,201.680,90.4,0,0,0,0.0,359.9,398.2,324.0,312.2,316.0,312.0,360.0,587.8,259.2,251.9,256.1,249.1,2.78,2.95,2.60,2.59,2.98,3.00,0.65,2.13,1.07,1.71,0.44,36,92,79.3,9.9,0,
25.4.2026,11:19:4.518,11621,24761,31.9,8257,24157,25.4,0.0,3968,0,1.211,1.215,1.210,1.210,1.210,1.210,1.210,1.210,1.210,5010.7,4653.5,5225.0,5225.0,5225.0,5225.0,5225.0,4653.5,4653.5,100.0,809.2,23.3,38.7,589.9,429.2,1592.8,3092.1,3095.7,1648.4,993.3,1112.0,162.1,130.7,21.0,9.1,2.9,6.2,809.2,14.9,1.1,0.1,10.4,7.6,27.8,58.2,57.4,28.8,17.8,21.7,2.7,2.4,1.3,0.3,0.2,0.3,58.2,14.9,16.8,1.0,0.8,11.8,8.6,32.7,65.3,64.9,33.9,20.2,23.3,3.1,2.6,0.4,0.2,0.1,0.1,16.8,50.1,46.5,52.2,52.2,52.2,52.2,52.2,46.5,46.5,0.0,23.9,1.6,15.0,70.4,71.0,27.8,4.9,0.6,0.2,39.6,7.4,85.0,29.6,29.0,72.2,90.9,1.6,0.7,36.5,91.0,0.0,0.0,0.0,0.0,4.2,97.9,99.1,3000.0,30.00,30,36,36,76,112,884,1,56.0,52.1,49.8,41.6,40.0,41.3,48.3,46.7,43.8,38.7,38.4,35.6,40.9,40.9,50.8,45.1,46.2,46.2,49.5,1.214,1.240,1.100,20.886,14.140,20.884,45.500,7.294,57.793,2.110,0.148,1.891,5.261,5.297,2.943,1.240,0.056,0.040,25.331,17.533,50.887,57.786,2000.0,3000.0,5252.1,5252.1,5250.0,35.7,17.4,25.3,35.7,54.8,No,No,No,0.198,0.134,1.9,30,56,45,24,56,1.234,5.040,3.360,3.328,12.000,1.146,1.288,3.360,3.296,3.328,1.056,1.056,1.837,1.385,1.814,0.928,3.360,2.024,1057,1541,919,1077,1043,56.5,52.8,38.8,1.350,1.365,1.800,1.800,1.005,5.110,0.250,No,No,No,40.0,1.350,1.365,1.815,1.800,1.005,5.110,0.500,No,No,No,52,52,52,95.0,100.0,No,No,50648,75680,41,97.0,100.0,No,No,32331,69813,0.0,0.1,0.2,0.024,0.107,5308,3888,0.0,0.0,0.0,0.000,0.000,0,0,51.6,60.0,1.000,8.447,12.171,12.195,0.975,0,0,0,84.165,27.319,5.708,78.423,52.136,32.325,19.811,31.935,23.935,6.704,17.231,4.981,300.000,350.000,2745.0,1750.1,2212.0,2746.5,2310.0,29.0,4.0,0.0,49.0,4.6,5.6,28.2,0.0,0.0,0.0,0.0,0,0,0,Yes,No,No,Yes,No,No,No,28.0,28.0,0,0,0,0,0,0,0,0,0,9,0,0,0,0,0,0,0,0,0,0,0,0,0,0,0,0,0,0,0,0,15553,750,450,41,32.0,45.5,46.8,3.312,5.078,12.031,115.000,0,1.625,4.125,13.250,5.383,20.947,159.414,185.744,186.000,205.119,90.6,0,0,0,0.0,359.9,393.0,329.9,325.2,327.1,324.7,360.0,670.8,245.5,238.3,241.8,237.4,2.78,2.99,2.61,2.49,3.02,3.09,0.65,2.13,1.06,1.72,0.52,36,92,0.0,0.2,0,
25.4.2026,11:19:6.542,11661,24721,32.0,8282,24132,25.5,0.0,3968,0,1.210,1.210,1.210,1.210,1.210,1.210,1.210,1.210,1.210,4867.8,4653.5,4653.5,5225.0,5225.0,5225.0,4653.5,4653.5,4653.5,100.0,814.8,17.7,29.6,632.4,432.2,3303.4,3370.5,1931.8,891.8,1033.5,1044.8,170.0,147.9,13.8,8.1,3.5,5.8,814.8,14.6,0.4,1.0,10.7,7.2,60.4,61.9,34.3,14.7,18.2,20.0,2.4,2.3,0.0,0.0,0.0,0.0,61.9,14.6,16.9,0.9,0.6,12.6,8.6,69.3,70.9,39.7,17.9,21.1,21.9,3.2,2.9,0.3,0.2,0.1,0.1,16.9,48.7,46.5,46.5,52.2,52.2,52.2,46.5,46.5,46.5,0.0,24.2,1.3,15.8,96.2,45.8,28.4,5.2,0.4,0.2,38.7,7.5,84.2,3.8,54.2,71.6,85.0,2.7,0.7,37.1,91.2,0.0,0.0,0.0,0.0,9.8,96.9,99.1,3000.0,30.00,30,36,36,76,112,884,1,55.2,52.7,53.0,41.6,40.7,40.7,52.3,42.7,44.3,38.2,38.5,35.5,40.9,40.9,51.0,45.1,46.2,46.2,49.6,1.214,1.240,1.100,20.898,14.132,20.899,46.500,7.302,57.803,2.115,0.146,1.928,7.210,3.385,2.945,1.197,0.069,0.041,25.346,17.523,50.902,57.805,2000.0,3000.0,5252.4,5252.4,5250.0,35.7,17.4,25.8,35.7,55.5,No,No,No,0.199,0.143,1.9,30,55,44,24,55,1.234,5.080,3.360,3.328,12.000,1.146,1.288,3.360,3.296,3.328,1.056,1.056,1.837,1.385,1.814,0.928,3.360,2.032,1003,1446,886,1018,997,56.5,52.8,38.8,1.350,1.365,1.800,1.815,1.005,5.110,0.625,No,No,No,40.0,1.350,1.365,1.800,1.800,1.005,5.110,0.375,No,No,No,52,53,52,95.0,100.0,No,No,50648,75680,40,97.0,100.0,No,No,32331,69813,0.1,0.0,0.1,0.059,0.004,5308,3888,0.0,0.0,0.0,0.000,0.000,0,0,51.7,60.0,1.005,8.447,12.171,12.196,0.975,0,0,0,84.186,27.332,5.721,78.333,52.084,32.305,19.779,31.915,24.097,6.724,17.373,4.993,300.000,350.000,2745.0,1750.1,2212.0,2747.1,2310.0,29.0,4.0,0.0,49.0,4.6,5.6,28.2,0.0,0.0,0.0,0.0,0,0,0,Yes,No,No,Yes,No,No,No,28.0,28.8,0,0,0,0,0,0,0,0,0,9,0,0,0,0,0,0,0,0,0,0,0,0,0,0,0,0,0,0,0,0,15553,750,450,41,32.0,45.5,46.8,3.312,5.078,12.031,115.000,0,1.625,4.062,13.000,5.383,20.630,156.406,182.419,176.000,201.680,90.4,0,0,0,0.0,360.0,393.5,333.2,324.3,328.9,321.8,360.0,719.1,240.4,239.6,239.9,239.4,2.78,2.93,2.65,2.46,3.02,3.16,0.65,2.13,1.06,1.72,0.12,36,92,0.1,0.1,0,
25.4.2026,11:19:8.538,11661,24722,32.0,8285,24129,25.5,0.0,3968,0,1.210,1.210,1.210,1.210,1.210,1.210,1.210,1.210,1.210,4939.3,4653.5,5225.0,5225.0,5225.0,4653.5,4653.5,5225.0,4653.5,100.0,850.0,65.2,59.9,637.4,480.8,5232.6,1795.8,1733.2,816.9,1048.3,1203.4,233.1,191.9,39.5,22.2,21.8,17.1,850.0,15.5,1.7,0.8,10.8,8.2,99.8,29.6,31.1,14.2,19.1,23.8,3.6,3.2,1.2,0.9,0.1,0.0,99.8,15.5,17.6,1.5,1.2,12.7,9.7,111.3,36.4,35.5,16.4,21.4,25.2,4.6,3.9,0.8,0.4,0.4,0.3,17.6,49.4,46.5,52.2,52.2,52.2,46.5,46.5,52.2,46.5,0.0,24.7,2.0,16.4,99.8,42.5,29.2,6.4,1.0,0.6,39.1,7.8,83.6,0.2,57.5,70.8,87.7,3.0,2.3,36.1,90.2,0.0,0.0,0.0,0.0,5.9,95.9,97.1,3000.0,30.00,30,36,36,76,112,884,1,55.0,53.1,53.9,41.9,41.2,40.8,53.1,42.4,44.8,38.5,38.8,35.7,41.1,41.1,51.2,45.5,46.3,46.3,49.8,1.214,1.240,1.100,21.446,14.144,21.446,75.000,7.284,58.486,2.196,0.233,1.976,7.554,3.185,3.073,1.337,0.120,0.091,26.027,17.538,51.577,58.495,2000.0,3000.0,5252.2,5252.2,5250.0,36.1,17.9,41.7,36.1,55.9,No,No,No,0.411,0.182,2.0,30,55,43,24,55,1.234,5.040,3.360,3.328,12.000,1.146,1.288,3.360,3.296,3.328,1.056,1.056,1.837,1.385,1.814,0.928,3.360,2.032,971,1431,856,987,986,56.5,52.8,38.8,1.350,1.365,1.800,1.800,1.005,5.110,0.750,No,No,No,40.0,1.350,1.365,1.800,1.800,1.005,5.110,0.625,No,No,No,53,52,53,95.0,100.0,No,No,50648,75680,41,97.0,100.0,No,No,32331,69813,0.0,0.1,0.1,0.008,0.065,5308,3889,0.0,0.0,0.0,0.000,0.000,0,0,51.7,60.0,1.000,8.454,12.182,12.204,0.975,0,0,0,84.319,27.394,5.713,78.605,52.252,32.400,19.852,32.009,24.057,6.699,17.358,5.000,300.000,350.000,2745.0,1750.1,2212.0,2746.5,2310.0,29.0,4.0,0.0,49.0,4.6,5.6,28.1,0.0,0.0,0.0,0.0,0,0,0,Yes,No,No,Yes,No,No,No,28.1,28.7,0,0,0,0,0,0,0,0,0,9,0,0,0,0,0,0,0,0,0,0,0,0,0,0,0,0,0,0,0,0,15553,750,450,41,32.0,45.5,46.8,3.312,5.078,12.016,115.000,0,1.625,4.125,13.000,5.383,20.947,156.203,182.533,180.000,201.798,90.5,0,0,0,0.0,360.0,390.2,333.9,326.8,329.1,326.1,360.0,400.5,326.4,321.1,323.9,320.1,2.78,2.91,2.64,2.56,2.93,2.95,0.65,2.13,1.07,1.71,0.12,36,92,0.1,0.1,0,
25.4.2026,11:19:10.543,11649,24734,32.0,8276,24138,25.5,0.0,3968,0,1.212,1.215,1.215,1.215,1.210,1.210,1.210,1.210,1.210,5010.7,4653.5,5225.0,5225.0,5225.0,5225.0,5225.0,4653.5,4653.5,100.0,1323.9,710.4,479.7,1312.7,895.4,4486.7,2183.6,2704.5,2211.9,1679.0,1485.0,786.5,654.3,454.5,389.1,401.3,348.5,1323.9,23.9,10.3,8.9,23.9,15.7,84.6,37.8,49.5,40.3,30.1,27.1,14.2,11.9,7.8,7.3,6.9,5.9,84.6,23.9,27.5,12.4,10.0,27.2,18.2,95.2,45.1,56.7,46.4,34.9,30.8,16.2,13.5,9.5,8.1,8.4,7.3,27.5,50.1,46.5,52.2,52.2,52.2,52.2,52.2,46.5,46.5,0.0,36.2,14.3,30.9,93.7,66.0,43.9,19.8,11.2,9.6,37.6,27.6,69.1,6.3,34.0,56.1,72.6,20.8,14.4,26.2,58.1,0.0,0.0,0.0,0.0,7.6,68.0,76.0,3000.0,30.00,30,36,36,76,112,884,1,59.0,55.8,58.9,45.5,44.4,44.7,54.7,48.8,48.3,42.3,41.9,38.5,42.7,42.7,51.2,45.9,46.3,46.3,49.8,1.218,1.240,1.100,29.800,14.283,29.794,89.000,7.326,69.127,3.269,1.533,3.116,7.406,5.433,4.119,2.375,1.184,0.988,36.386,17.709,62.153,69.150,2000.0,3000.0,5248.9,5248.9,5250.0,42.7,24.8,49.4,42.7,58.8,No,No,No,1.448,0.720,2.9,30,59,43,24,59,1.279,5.040,3.344,3.328,12.000,1.146,1.288,3.360,3.296,3.328,1.056,1.056,1.822,1.385,1.814,0.928,3.360,2.032,960,1421,852,962,988,56.5,52.8,38.8,1.350,1.365,1.800,1.800,1.005,5.040,0.625,No,No,No,40.0,1.350,1.365,1.800,1.800,1.005,5.040,0.625,No,No,No,53,52,53,95.0,100.0,No,No,50648,75680,40,97.0,100.0,No,No,32331,69813,0.0,0.1,0.1,0.008,0.020,5308,3889,0.0,0.0,0.0,0.000,0.000,0,0,51.8,60.0,1.005,8.450,12.175,12.199,0.975,0,0,0,84.328,27.367,5.698,78.549,52.213,32.378,19.835,31.988,24.006,6.708,17.298,5.000,300.000,350.000,2745.0,1750.1,2212.0,2745.5,2310.0,29.0,4.0,0.0,49.0,4.6,5.7,28.3,0.0,0.0,0.0,0.0,0,0,0,Yes,No,No,Yes,No,No,No,28.1,28.3,0,0,0,0,0,0,0,0,0,9,0,0,0,0,0,0,0,0,0,0,0,0,0,0,0,0,0,0,0,0,15553,750,450,41,32.0,45.5,46.8,3.312,5.078,12.031,115.000,0,1.625,4.125,12.750,5.383,20.947,153.398,179.729,176.000,198.898,90.4,0,0,0,0.0,360.0,398.0,324.4,314.9,319.5,314.0,360.0,435.4,307.3,298.6,303.7,294.6,2.78,2.87,2.67,2.58,2.95,3.05,0.65,2.13,1.11,1.66,0.19,36,92,22.4,157.9,0,
25.4.2026,11:19:12.539,11730,24652,32.2,8322,24092,25.6,0.0,3968,0,1.221,1.225,1.220,1.220,1.220,1.220,1.220,1.220,1.220,5010.7,4653.5,5225.0,5225.0,5225.0,5225.0,5225.0,4653.5,4653.5,100.0,1159.7,480.4,349.5,1102.7,681.1,4235.3,2596.9,2896.8,1542.7,1768.0,1350.9,619.1,518.8,144.2,131.3,72.0,65.4,1159.7,21.3,5.9,6.7,20.1,12.3,80.3,46.8,53.6,27.8,32.9,25.9,11.0,9.8,2.0,1.9,2.3,2.2,80.3,21.3,24.0,6.6,7.2,22.6,13.8,90.0,54.4,60.7,32.0,37.0,28.4,12.6,10.7,2.9,2.7,1.4,1.3,24.0,50.1,46.5,52.2,52.2,52.2,52.2,52.2,46.5,46.5,0.0,34.5,10.4,28.9,93.9,68.2,50.9,16.9,4.4,2.2,39.4,35.8,71.1,6.1,31.8,49.1,77.2,31.1,12.6,26.2,53.8,0.0,0.0,0.0,0.0,5.8,64.5,85.2,3000.0,30.00,30,36,36,76,112,884,1,58.9,56.2,57.0,45.1,43.6,44.4,55.1,48.8,49.3,41.6,40.9,37.2,42.6,42.6,50.5,45.6,46.3,46.3,49.8,1.218,1.240,1.100,28.293,14.267,28.280,68.500,7.325,67.086,3.079,1.156,2.863,7.503,5.433,4.612,2.102,0.670,0.290,34.473,17.691,60.221,67.195,2000.0,3000.0,5248.5,5248.5,5250.0,41.5,23.6,38.1,41.5,59.2,No,No,No,1.109,0.911,2.8,30,58,47,24,58,1.261,5.040,3.360,3.328,12.000,1.146,1.288,3.360,3.296,3.328,1.056,1.056,1.822,1.376,1.814,0.928,3.360,2.024,1087,1569,910,1104,1064,56.5,52.8,38.8,1.350,1.365,1.800,1.800,1.005,5.040,0.750,No,No,No,40.0,1.350,1.365,1.800,1.800,1.005,5.040,0.750,No,No,No,53,52,53,95.0,100.0,No,No,50648,75680,40,97.0,100.0,No,No,32331,69813,0.0,0.1,0.2,0.073,0.169,5308,3889,0.0,0.0,0.0,0.000,0.000,0,0,51.9,60.0,1.000,8.445,12.166,12.193,0.975,0,0,0,84.361,27.320,5.682,78.354,52.075,32.300,19.775,31.911,24.054,6.681,17.373,5.000,300.000,350.000,2745.0,1750.1,2212.0,2746.3,2310.0,29.0,4.0,0.0,49.0,4.6,5.6,28.2,0.0,0.0,0.0,0.0,0,0,0,Yes,No,No,Yes,No,No,No,28.0,28.3,0,0,0,0,0,0,0,0,0,9,0,0,0,0,0,0,0,0,0,0,0,0,0,0,0,0,0,0,0,0,15553,750,450,41,32.0,45.5,46.8,3.312,5.062,12.031,115.000,0,1.625,4.250,13.750,5.383,21.516,165.430,192.328,196.000,211.935,90.7,0,0,0,0.0,359.9,396.2,331.9,321.1,326.2,318.2,360.2,476.1,289.5,288.3,289.0,287.9,2.78,2.86,2.69,2.64,2.91,2.97,0.66,2.12,1.07,1.71,0.27,36,92,2.3,21.0,0,
25.4.2026,11:19:14.534,11727,24655,32.2,8341,24073,25.7,0.0,3968,0,1.215,1.215,1.215,1.215,1.215,1.215,1.215,1.215,1.215,5010.7,4653.5,5225.0,5225.0,5225.0,5225.0,5225.0,4653.5,4653.5,100.0,881.0,210.8,81.7,679.4,475.0,3676.8,1278.4,3218.9,1698.7,1108.4,1137.6,231.5,219.6,36.0,22.3,8.0,13.7,881.0,15.9,4.0,0.8,11.3,7.7,70.0,21.1,60.2,29.5,19.4,21.5,3.2,3.4,1.6,0.0,0.3,0.5,70.0,15.9,18.3,4.3,1.6,13.6,9.5,78.0,25.8,67.7,34.9,22.7,23.8,4.5,4.4,0.7,0.4,0.2,0.3,18.3,50.1,46.5,52.2,52.2,52.2,52.2,52.2,46.5,46.5,0.0,26.5,4.9,17.4,74.2,75.4,31.5,7.1,1.1,0.4,39.2,16.1,82.6,25.8,24.6,68.5,87.0,6.2,2.7,34.3,78.9,0.0,0.0,0.0,0.0,5.9,92.8,96.9,3000.0,30.00,30,36,36,76,112,884,1,57.4,53.2,53.0,42.8,41.4,42.5,49.9,48.4,45.1,39.7,39.3,36.3,41.7,41.7,50.0,45.2,46.3,46.3,49.8,1.215,1.240,1.100,22.513,14.165,22.533,54.000,7.314,60.019,2.334,0.486,2.068,5.629,5.724,3.178,1.373,0.139,0.074,27.347,17.564,52.957,59.906,2000.0,3000.0,5251.1,5251.1,5250.0,37.0,18.8,30.0,37.0,56.0,No,No,No,0.329,0.501,2.1,30,57,46,24,57,1.225,5.040,3.360,3.328,12.000,1.146,1.279,3.360,3.296,3.328,1.056,1.056,1.837,1.385,1.814,0.928,3.360,2.032,1095,1557,925,1109,1099,56.5,52.8,38.8,1.350,1.365,1.800,1.800,1.005,5.040,0.250,No,No,No,40.0,1.350,1.350,1.800,1.800,1.005,5.040,0.375,No,No,No,53,53,53,95.0,100.0,No,No,50648,75680,40,97.0,100.0,No,No,32331,69813,0.0,0.1,0.1,0.000,0.052,5308,3889,0.0,0.0,0.0,0.000,0.000,0,0,51.9,60.0,1.000,8.451,12.177,12.200,0.975,0,0,0,84.410,27.429,5.723,78.728,52.340,32.455,19.885,32.065,24.043,6.710,17.333,5.012,300.000,350.000,2745.0,1750.1,2212.0,2746.1,2310.0,29.0,4.0,0.0,49.0,4.6,5.6,28.2,0.0,0.0,0.0,0.0,0,0,0,Yes,No,No,Yes,No,No,No,28.1,28.5,0,0,0,0,0,0,0,0,0,9,0,0,0,0,0,0,0,0,0,0,0,0,0,0,0,0,0,0,0,0,15553,750,450,41,32.0,45.5,46.8,3.312,5.078,12.031,115.000,0,1.625,4.062,13.250,5.383,20.630,159.414,185.427,180.000,204.791,90.5,0,0,0,0.0,360.0,388.7,335.6,332.4,333.4,332.1,360.0,525.7,274.0,273.2,273.6,273.0,2.78,2.91,2.66,2.63,2.92,2.92,0.65,2.13,1.08,1.70,0.35,36,92,0.9,2.5,0,
25.4.2026,11:19:16.545,11683,24699,32.1,8307,24107,25.6,0.0,3968,0,1.210,1.210,1.210,1.210,1.210,1.210,1.210,1.210,1.210,5010.7,4653.5,5225.0,5225.0,5225.0,5225.0,5225.0,4653.5,4653.5,100.0,809.2,22.2,35.1,570.3,420.5,2507.4,896.1,4428.1,1566.9,990.3,1182.9,151.4,142.4,12.8,9.9,4.6,5.9,809.2,14.6,0.3,0.1,9.8,7.5,47.2,14.3,83.7,25.1,17.5,23.1,2.6,2.7,0.0,0.4,0.0,0.0,83.7,14.6,16.8,1.0,0.7,11.2,8.4,52.9,17.9,93.9,31.6,20.1,24.8,2.9,2.8,0.2,0.2,0.1,0.1,16.8,50.1,46.5,52.2,52.2,52.2,52.2,52.2,46.5,46.5,0.0,24.0,1.5,15.0,54.2,86.9,28.4,5.0,0.4,0.2,39.8,6.4,85.0,45.8,13.1,71.6,93.3,2.1,1.3,36.2,92.1,0.0,0.0,0.0,0.0,1.7,97.5,98.5,3000.0,30.00,30,36,36,76,112,884,1,55.9,51.7,54.4,41.7,39.6,41.7,46.0,49.2,43.6,39.1,38.4,35.7,40.9,40.9,51.0,45.4,46.3,46.3,49.9,1.213,1.240,1.100,20.931,14.131,20.931,45.500,7.302,57.836,2.124,0.137,1.858,4.118,6.510,2.992,1.270,0.061,0.048,25.383,17.522,50.937,57.840,2000.0,3000.0,5252.3,5252.3,5250.0,35.7,17.4,25.3,35.7,54.4,No,No,No,0.206,0.135,1.9,30,56,45,24,56,1.225,5.040,3.360,3.328,12.000,1.146,1.288,3.360,3.296,3.328,1.056,1.056,1.837,1.376,1.814,0.928,3.360,2.024,1049,1481,886,1053,1023,56.5,52.8,38.8,1.350,1.350,1.815,1.800,1.005,5.040,0.625,No,No,No,40.0,1.350,1.350,1.815,1.800,1.005,5.040,0.625,No,No,No,53,52,53,95.0,100.0,No,No,50648,75680,40,97.0,100.0,No,No,32331,69813,0.0,0.0,0.0,0.000,0.000,5308,3889,0.0,0.0,0.0,0.000,0.000,0,0,51.9,60.0,1.000,8.446,12.169,12.194,0.975,0,0,0,84.574,27.359,5.695,78.408,52.121,32.310,19.811,31.920,24.158,6.767,17.391,5.012,300.000,350.000,2745.0,1750.1,2212.0,2747.0,2310.0,29.0,4.0,0.0,49.0,4.6,5.6,28.2,0.0,0.0,0.0,0.0,0,0,0,Yes,No,No,Yes,No,No,No,28.0,27.9,0,0,0,0,0,0,0,0,0,9,0,0,0,0,0,0,0,0,0,0,0,0,0,0,0,0,0,0,0,0,15553,750,450,41,32.0,45.5,46.8,3.312,5.078,12.031,115.000,0,1.625,4.062,12.750,5.383,20.630,153.398,179.411,180.000,198.570,90.4,0,0,0,0.0,359.9,391.6,339.3,327.7,334.3,323.4,360.0,584.3,260.0,259.7,259.9,259.6,2.78,2.98,2.59,2.57,2.99,2.99,0.65,2.13,1.08,1.70,0.44,36,92,0.0,0.0,0,
25.4.2026,11:19:18.540,11674,24708,32.0,8302,24112,25.6,0.0,3968,0,1.210,1.210,1.210,1.210,1.210,1.210,1.210,1.210,1.210,5010.7,4653.5,5225.0,5225.0,5225.0,5225.0,5225.0,4653.5,4653.5,100.0,857.9,55.1,64.5,645.8,466.9,3081.4,2541.2,1664.2,2375.5,1067.5,1236.0,238.8,193.2,34.6,22.4,20.1,19.8,857.9,15.7,1.4,1.4,11.3,8.3,57.4,46.3,28.6,44.3,18.9,24.0,4.2,3.6,0.8,0.6,0.0,0.6,57.4,15.7,17.8,1.4,1.3,12.9,9.3,64.9,53.2,33.5,50.0,21.7,25.9,4.7,3.9,0.7,0.4,0.4,0.4,17.8,50.1,46.5,52.2,52.2,52.2,52.2,52.2,46.5,46.5,0.0,25.0,2.3,16.5,81.6,61.4,29.8,6.5,1.0,0.7,40.1,10.2,83.5,18.4,38.6,70.2,90.2,5.6,3.8,35.0,87.4,0.0,0.0,0.0,0.0,3.3,93.4,95.5,3000.0,30.00,30,36,36,76,112,884,1,55.2,52.6,54.8,42.0,40.6,41.4,50.3,45.6,44.4,39.0,38.6,35.9,41.0,41.0,50.8,45.2,46.3,46.3,49.9,1.214,1.240,1.100,21.688,14.154,21.687,67.000,7.300,58.827,2.211,0.224,1.956,6.195,4.620,3.083,1.371,0.136,0.099,26.315,17.551,51.897,58.814,2000.0,3000.0,5251.9,5251.9,5250.0,36.3,18.1,37.2,36.3,55.3,No,No,No,0.422,0.209,2.0,30,55,44,24,55,1.234,5.040,3.360,3.328,12.000,1.146,1.288,3.360,3.296,3.328,1.056,1.056,1.837,1.385,1.814,0.928,3.360,2.024,1006,1465,860,1005,997,56.5,52.8,38.8,1.350,1.350,1.815,1.815,1.005,5.040,0.625,No,No,No,40.0,1.350,1.350,1.815,1.815,1.005,5.040,0.250,No,No,No,53,53,53,95.0,100.0,No,No,50648,75680,40,97.0,100.0,No,No,32331,69813,0.0,0.1,0.1,0.000,0.034,5308,3889,0.0,0.0,0.0,0.000,0.000,0,0,52.0,60.0,1.000,8.449,12.174,12.197,0.975,0,0,0,84.258,27.373,5.734,78.561,52.231,32.392,19.839,32.002,23.979,6.708,17.271,5.012,300.000,350.000,2745.0,1750.1,2212.0,2746.4,2310.0,29.0,4.0,0.0,49.0,4.6,5.6,28.2,0.0,0.0,0.0,0.0,0,0,0,Yes,No,No,Yes,No,No,No,28.1,27.9,0,0,0,0,0,0,0,0,0,9,0,0,0,0,0,0,0,0,0,0,0,0,0,0,0,0,0,0,0,0,15553,750,450,41,32.0,45.5,46.8,3.312,5.078,12.031,115.000,0,1.625,4.125,12.750,5.383,20.947,153.398,179.729,180.000,198.898,90.4,0,0,0,0.0,359.9,390.1,337.8,334.9,335.8,334.7,360.5,660.8,247.6,247.1,247.3,247.1,2.78,2.88,2.66,2.61,2.91,2.95,0.65,2.13,1.06,1.72,0.51,36,92,0.4,0.2,0,
25.4.2026,11:19:20.531,11669,24713,32.0,8302,24112,25.6,0.0,3968,0,1.211,1.215,1.210,1.210,1.210,1.210,1.210,1.210,1.210,5010.7,4653.5,5225.0,5225.0,5225.0,5225.0,5225.0,4653.5,4653.5,100.0,816.8,16.9,36.0,561.5,488.5,2660.4,3047.5,1047.2,2752.7,851.1,1270.3,162.6,143.6,9.9,7.8,6.7,6.5,816.8,14.7,0.2,1.0,9.1,8.2,48.9,56.6,16.6,51.1,14.3,24.2,2.2,2.1,0.0,0.0,1.3,0.0,56.6,14.7,16.9,0.7,0.7,11.1,9.8,55.8,64.1,20.3,57.9,17.1,26.5,3.1,2.9,0.2,0.2,0.1,0.1,16.9,50.1,46.5,52.2,52.2,52.2,52.2,52.2,46.5,46.5,0.0,24.1,1.3,15.9,83.4,58.2,28.3,5.1,0.3,0.3,38.1,4.5,84.1,16.6,41.8,71.7,83.5,1.6,0.8,37.8,94.2,0.0,0.0,0.0,0.0,11.5,98.1,99.0,3000.0,30.00,30,36,36,76,112,884,1,54.6,52.5,55.2,41.7,40.4,41.1,50.4,44.9,44.1,38.6,38.5,35.7,40.9,40.9,51.0,45.4,46.3,46.3,49.8,1.214,1.240,1.100,20.837,14.150,20.834,45.000,7.300,57.737,2.098,0.110,1.878,6.275,4.347,2.918,1.160,0.055,0.044,25.272,17.546,50.848,57.747,2000.0,3000.0,5252.6,5252.6,5250.0,35.6,17.4,25.0,35.6,55.3,No,No,No,0.218,0.136,1.9,30,54,43,24,54,1.234,5.040,3.360,3.328,12.000,1.146,1.288,3.360,3.296,3.328,1.056,1.056,1.837,1.385,1.814,0.928,3.360,2.024,968,1433,851,996,1002,56.5,52.8,38.8,1.350,1.350,1.815,1.815,1.005,5.040,0.625,No,No,No,40.0,1.350,1.350,1.815,1.815,1.005,5.040,0.500,No,No,No,53,52,53,95.0,100.0,No,No,50648,75680,40,97.0,100.0,No,No,32331,69813,0.0,0.1,0.1,0.000,0.026,5308,3889,0.0,0.0,0.0,0.000,0.000,0,0,52.0,60.0,1.000,8.449,12.174,12.198,0.975,0,0,0,84.539,27.404,5.709,78.774,52.364,32.472,19.892,32.070,23.872,6.634,17.238,5.012,300.000,350.000,2745.0,1750.1,2212.0,2746.1,2310.0,29.0,4.0,0.0,49.0,4.6,5.7,28.3,0.0,0.0,0.0,0.0,0,0,0,Yes,No,No,Yes,No,No,No,28.1,27.9,0,0,0,0,0,0,0,0,0,9,0,0,0,0,0,0,0,0,0,0,0,0,0,0,0,0,0,0,0,0,15553,750,450,41,32.0,45.5,46.8,3.312,5.078,12.031,115.000,0,1.625,4.062,12.750,5.383,20.630,153.398,179.411,174.000,198.570,90.4,0,0,0,0.0,360.0,388.2,329.0,323.4,325.9,323.2,360.0,719.6,240.1,238.7,239.5,238.1,2.78,2.87,2.68,2.62,2.89,2.91,0.65,2.13,1.05,1.73,0.18,36,92,0.0,0.0,0,
25.4.2026,11:19:22.539,11674,24708,32.0,8301,24113,25.6,0.0,3968,0,1.211,1.210,1.215,1.210,1.210,1.210,1.210,1.210,1.210,4939.3,4653.5,4653.5,5225.0,5225.0,5225.0,5225.0,4653.5,4653.5,100.0,819.5,13.3,39.3,572.0,434.8,5233.6,1789.5,779.6,1747.8,903.1,1265.1,153.1,147.2,14.3,8.9,4.0,5.6,819.5,15.0,1.1,0.4,10.1,7.9,99.8,28.9,11.4,32.1,16.0,24.9,2.7,3.0,0.7,0.6,0.0,0.5,99.8,15.0,17.0,0.8,0.8,11.3,8.7,111.4,36.2,14.8,36.3,18.3,26.5,2.9,2.9,0.3,0.2,0.1,0.1,17.0,49.4,46.5,46.5,52.2,52.2,52.2,52.2,46.5,46.5,0.0,24.1,1.4,15.1,99.8,42.4,28.6,5.0,0.4,0.2,38.3,5.1,84.9,0.2,57.6,71.4,83.4,2.4,1.2,37.6,93.4,0.0,0.0,0.0,0.0,11.7,97.2,98.7,3000.0,30.00,30,36,36,76,112,884,1,54.2,53.0,53.0,41.8,41.0,40.6,53.0,42.4,44.6,38.2,38.7,35.6,41.1,41.1,50.5,45.4,46.3,46.3,49.9,1.214,1.240,1.100,20.898,14.170,20.904,46.000,7.302,57.859,2.114,0.116,1.872,7.539,3.153,2.981,1.138,0.066,0.047,25.350,17.570,50.953,57.864,2000.0,3000.0,5253.0,5253.0,5250.0,35.7,17.4,25.6,35.7,55.8,No,No,No,0.222,0.134,1.9,30,54,43,24,54,1.234,5.040,3.360,3.328,12.000,1.146,1.279,3.360,3.296,3.328,1.056,1.056,1.837,1.376,1.814,0.928,3.360,2.024,960,1404,848,960,985,56.5,52.8,38.8,1.350,1.350,1.815,1.815,1.005,5.110,0.750,No,No,No,40.0,1.350,1.350,1.815,1.815,1.005,5.040,0.375,No,No,No,53,52,53,95.0,100.0,No,No,50648,75680,41,97.0,100.0,No,No,32331,69813,0.0,0.1,0.1,0.000,0.006,5308,3889,0.0,0.0,0.0,0.000,0.000,0,0,52.1,60.0,1.000,8.448,12.172,12.195,0.975,0,0,0,84.422,27.318,5.733,78.416,52.139,32.339,19.800,31.949,23.885,6.636,17.249,5.029,300.000,350.000,2745.0,1750.1,2212.0,2745.6,2310.0,29.0,4.0,0.0,50.0,4.6,5.6,28.1,0.0,0.0,0.0,0.0,0,0,0,Yes,No,No,Yes,No,No,No,28.0,28.2,0,0,0,0,0,0,0,0,0,9,0,0,0,0,0,0,0,0,0,0,0,0,0,0,0,0,0,0,0,0,15553,750,450,41,32.0,45.5,46.8,3.312,5.078,12.031,115.000,0,1.625,4.062,13.000,5.383,20.630,156.406,182.419,182.000,201.680,90.4,0,0,0,0.0,360.0,388.8,337.2,332.4,334.6,332.1,360.0,399.2,327.8,325.5,326.5,325.5,2.78,2.84,2.72,2.65,2.89,2.94,0.65,2.13,1.08,1.70,0.11,36,92,2.7,11.4,0,
25.4.2026,11:19:24.533,11672,24710,32.0,8301,24113,25.6,0.0,3968,0,1.215,1.215,1.215,1.215,1.215,1.215,1.215,1.215,1.215,4867.8,4653.5,4653.5,5225.0,5225.0,5225.0,4653.5,4653.5,4653.5,100.0,816.7,24.9,39.1,596.1,405.0,5049.4,1972.3,846.4,1628.7,938.0,1216.5,179.1,136.8,13.6,8.6,4.8,7.6,816.7,14.5,0.6,0.3,9.9,6.6,96.0,32.7,13.1,29.4,16.0,23.4,2.5,2.0,0.0,0.0,0.0,0.0,96.0,14.5,16.9,1.1,0.8,11.8,8.1,107.4,40.3,16.3,33.9,19.0,25.5,3.4,2.7,0.3,0.2,0.1,0.2,16.9,48.7,46.5,46.5,52.2,52.2,52.2,46.5,46.5,46.5,0.0,24.1,1.7,15.0,99.9,41.8,28.4,5.3,0.4,0.2,38.4,6.5,85.0,0.1,58.2,71.6,83.0,2.1,0.7,37.5,91.8,0.0,0.0,0.0,0.0,11.7,97.6,99.1,3000.0,30.00,30,36,36,76,112,884,1,54.1,53.1,53.4,41.8,41.1,40.5,53.1,42.3,44.7,38.2,38.7,35.6,41.1,41.1,51.0,45.3,46.3,46.3,49.8,1.214,1.240,1.100,20.903,14.178,20.901,44.000,7.296,57.859,2.109,0.144,1.842,7.551,3.115,2.967,1.151,0.057,0.042,25.354,17.581,50.961,57.862,2000.0,3000.0,5253.2,5253.2,5250.0,35.7,17.4,24.4,35.7,55.9,No,No,No,0.209,0.130,1.9,30,54,43,24,54,1.234,5.040,3.360,3.328,12.000,1.146,1.288,3.360,3.296,3.328,1.056,1.056,1.822,1.376,1.814,0.928,3.360,2.032,958,1437,843,961,984,56.5,52.8,38.8,1.350,1.350,1.815,1.815,1.005,5.110,0.625,No,No,No,40.0,1.365,1.350,1.815,1.815,1.005,5.110,0.625,No,No,No,53,52,53,95.0,100.0,No,No,50648,75680,40,97.0,100.0,No,No,32331,69813,0.0,0.0,0.0,0.000,0.016,5308,3889,0.0,0.0,0.0,0.000,0.000,0,0,52.1,60.0,1.000,8.448,12.172,12.196,0.975,0,0,0,84.509,27.404,5.709,78.762,52.356,32.466,19.890,32.064,23.880,6.630,17.250,5.036,300.000,350.000,2745.0,1750.1,2212.0,2745.6,2310.0,29.0,4.0,0.0,51.0,4.6,5.6,28.1,0.0,0.0,0.0,0.0,0,0,0,Yes,No,No,Yes,No,No,No,28.1,28.1,0,0,0,0,0,0,0,0,0,9,0,0,0,0,0,0,0,0,0,0,0,0,0,0,0,0,0,0,0,0,15553,750,450,41,32.0,45.5,46.8,3.312,5.078,12.031,115.000,0,1.625,4.062,12.750,5.383,20.630,153.398,179.411,176.000,198.570,90.4,0,0,0,0.0,359.9,392.3,331.5,324.4,327.9,323.1,359.8,432.1,308.4,307.2,307.8,306.8,2.78,2.87,2.69,2.61,2.90,2.92,0.65,2.13,1.07,1.71,0.18,36,92,1.3,3.8,0,
25.4.2026,11:19:26.542,11674,24708,32.0,8301,24113,25.6,0.0,3968,0,1.215,1.215,1.215,1.215,1.215,1.215,1.215,1.215,1.215,4939.3,4653.5,5225.0,5225.0,5225.0,5225.0,4653.5,4653.5,4653.5,100.0,810.7,12.5,30.1,565.6,441.5,1100.9,2477.7,3224.9,2594.2,924.4,1275.4,166.1,125.9,13.0,8.8,4.7,5.9,810.7,14.9,1.0,0.8,9.8,7.8,19.0,46.8,59.5,46.7,16.2,24.9,2.8,2.4,0.4,0.4,0.0,0.3,59.5,14.9,16.8,0.8,0.6,11.2,8.8,22.4,52.1,67.6,54.1,18.7,26.7,3.2,2.5,0.2,0.2,0.1,0.1,16.8,49.4,46.5,52.2,52.2,52.2,52.2,46.5,46.5,46.5,0.0,24.0,1.3,15.3,56.3,84.6,28.8,4.9,0.4,0.2,38.2,5.6,84.7,43.7,15.4,71.2,81.7,2.6,1.1,37.8,93.1,0.0,0.0,0.0,0.0,13.4,97.0,98.7,3000.0,30.00,30,36,36,76,112,884,1,53.6,51.8,53.4,41.8,39.9,41.7,46.6,48.8,43.9,38.9,38.6,35.7,41.1,41.1,50.8,45.2,46.2,46.2,49.9,1.214,1.240,1.100,20.876,14.141,20.875,45.000,7.293,57.768,2.097,0.119,1.864,4.252,6.301,3.000,1.126,0.067,0.047,25.320,17.534,50.877,57.778,2000.0,3000.0,5252.5,5252.5,5250.0,35.7,17.4,25.0,35.7,54.5,No,No,No,0.210,0.126,1.9,30,53,42,24,53,1.225,5.040,3.360,3.328,12.000,1.146,1.288,3.360,3.296,3.328,1.056,1.056,1.837,1.385,1.814,0.928,3.360,2.024,952,1436,831,974,962,56.5,52.8,38.8,1.365,1.365,1.815,1.815,1.005,5.110,0.750,No,No,No,40.0,1.365,1.350,1.815,1.815,1.005,5.110,0.375,No,No,No,53,52,53,95.0,100.0,No,No,50648,75680,41,97.0,100.0,No,No,32331,69813,0.0,0.0,0.0,0.000,0.006,5308,3889,0.0,0.0,0.0,0.000,0.000,0,0,52.1,60.0,1.000,8.453,12.181,12.204,0.975,0,0,0,84.548,27.354,5.725,78.580,52.248,32.405,19.843,32.014,23.850,6.638,17.212,5.029,300.000,350.000,2745.0,1750.1,2212.0,2746.6,2310.0,29.0,4.0,0.0,50.0,4.6,5.7,28.3,0.0,0.0,0.0,0.0,0,0,0,Yes,No,No,Yes,No,No,No,28.1,28.1,0,0,0,0,0,0,0,0,0,9,0,0,0,0,0,0,0,0,0,0,0,0,0,0,0,0,0,0,0,0,15553,750,450,41,32.0,45.5,46.8,3.312,5.078,12.016,115.000,0,1.625,4.062,13.000,5.383,20.630,156.203,182.216,180.000,201.470,90.4,0,0,0,0.0,360.0,388.3,329.6,316.6,321.6,313.8,360.0,473.3,290.0,289.0,289.5,288.7,2.78,2.90,2.67,2.59,2.94,2.99,0.66,2.12,1.08,1.69,0.27,36,92,3.2,6.2,0,
25.4.2026,11:19:28.536,11668,24714,32.0,8299,24116,25.6,0.0,3968,0,1.214,1.215,1.210,1.215,1.215,1.215,1.215,1.215,1.215,4939.3,4653.5,5225.0,5225.0,5225.0,5225.0,4653.5,4653.5,4653.5,100.0,816.1,18.0,30.9,571.4,474.1,2286.3,3208.5,2237.0,1724.1,1150.8,1018.9,179.1,119.2,16.1,12.0,4.7,7.3,816.1,15.1,1.1,0.9,10.0,8.7,41.1,59.9,40.9,30.5,21.9,18.7,3.2,2.3,0.0,0.6,1.2,0.5,59.9,15.1,16.9,0.9,0.6,11.3,9.5,47.6,67.6,46.5,35.5,23.9,20.9,3.4,2.3,0.3,0.2,0.1,0.1,16.9,49.4,46.5,52.2,52.2,52.2,52.2,46.5,46.5,46.5,0.0,24.1,1.4,16.0,80.9,60.6,28.2,4.9,0.5,0.2,39.1,5.5,84.0,19.1,39.4,71.8,88.7,2.9,1.2,36.8,93.1,0.0,0.0,0.0,0.0,6.4,96.6,98.5,3000.0,30.00,30,36,36,76,112,884,1,53.6,52.5,50.2,41.8,40.5,41.2,50.1,45.3,44.3,38.6,38.7,35.7,41.1,41.1,51.2,45.3,46.3,46.3,50.0,1.214,1.240,1.100,20.943,14.145,20.943,49.000,7.296,57.883,2.117,0.122,1.901,6.036,4.564,2.970,1.220,0.074,0.048,25.405,17.539,50.969,57.873,2000.0,3000.0,5252.8,5252.8,5250.0,35.7,17.5,27.2,35.7,55.2,No,No,No,0.215,0.134,1.9,30,53,42,24,53,1.234,5.040,3.360,3.328,12.000,1.146,1.288,3.360,3.296,3.328,1.056,1.056,1.837,1.376,1.814,0.928,3.360,2.024,938,1410,818,948,953,56.5,52.8,38.8,1.365,1.365,1.815,1.815,1.005,5.110,0.625,No,No,No,40.0,1.365,1.365,1.815,1.815,1.005,5.110,0.750,No,No,No,53,52,53,95.0,100.0,No,No,50648,75680,40,97.0,100.0,No,No,32331,69813,0.0,0.4,0.4,0.000,1.053,5308,3891,0.0,0.0,0.0,0.000,0.000,0,0,52.1,60.0,1.000,8.448,12.172,12.197,0.975,0,0,0,84.385,37.292,5.697,78.399,52.108,32.318,19.790,31.928,23.874,6.636,17.238,104.932,300.000,350.000,2745.0,1750.1,2212.0,2745.3,2310.0,29.0,4.0,0.0,50.0,4.6,5.6,28.2,0.0,0.0,0.0,0.0,0,0,0,Yes,No,No,Yes,No,No,No,28.0,27.8,0,0,0,0,0,0,0,0,0,9,0,0,0,0,0,0,0,0,0,0,0,0,0,0,0,0,0,0,0,0,15553,750,450,41,32.0,45.5,46.8,3.312,5.078,12.031,115.000,0,1.625,4.062,13.000,5.383,20.630,156.406,182.419,180.000,201.680,90.4,0,0,0,0.0,360.0,396.7,328.3,320.8,323.3,320.7,360.0,520.0,275.0,271.3,273.3,270.0,2.78,2.91,2.66,2.57,2.95,3.01,0.65,2.13,1.08,1.70,0.34,36,92,0.1,0.0,0,
25.4.2026,11:19:30.544,11667,24715,32.0,8299,24115,25.6,0.0,3968,0,1.210,1.210,1.210,1.210,1.210,1.210,1.210,1.210,1.210,5010.7,4653.5,5225.0,5225.0,5225.0,5225.0,5225.0,4653.5,4653.5,100.0,812.3,23.9,26.9,588.4,425.0,5240.7,1745.6,844.2,1599.9,1230.0,936.4,198.2,108.8,12.2,7.3,4.9,5.0,812.3,14.4,0.6,0.0,9.6,7.0,99.9,27.9,12.7,28.8,23.1,16.3,2.7,1.4,0.5,0.0,0.0,0.0,99.9,14.4,16.8,1.3,0.5,11.6,8.5,111.5,35.3,16.2,33.4,25.6,19.2,3.8,2.1,0.2,0.1,0.1,0.1,16.8,50.1,46.5,52.2,52.2,52.2,52.2,52.2,46.5,46.5,0.0,24.0,1.6,15.3,99.9,41.0,28.2,5.2,0.4,0.2,39.6,6.5,84.7,0.1,59.0,71.8,92.1,2.0,0.5,36.4,91.9,0.0,0.0,0.0,0.0,2.7,97.6,99.3,3000.0,30.00,30,36,36,76,112,884,1,53.9,53.0,53.0,41.8,41.0,40.7,53.0,42.5,44.6,38.5,38.7,35.8,41.1,41.1,50.2,45.3,46.3,46.3,50.0,1.214,1.240,1.100,20.905,14.129,20.908,45.000,7.297,57.811,2.120,0.142,1.862,7.527,3.087,2.978,1.267,0.058,0.039,25.357,17.520,50.903,57.809,2000.0,3000.0,5253.0,5253.0,5250.0,35.7,17.4,25.0,35.7,55.8,No,No,No,0.197,0.125,1.9,30,53,42,24,53,1.234,5.040,3.360,3.328,12.000,1.146,1.288,3.360,3.296,3.328,1.056,1.056,1.822,1.376,1.814,0.928,3.360,2.024,931,1415,834,948,944,56.5,52.8,38.8,1.365,1.365,1.815,1.815,1.005,5.110,0.625,No,No,No,40.0,1.365,1.365,1.815,1.800,1.005,5.110,0.625,No,No,No,53,52,53,95.0,100.0,No,No,50648,75680,40,97.0,100.0,No,No,32331,69813,0.0,0.1,0.1,0.000,0.010,5308,3891,0.0,0.0,0.0,0.000,0.000,0,0,52.1,60.0,1.000,8.449,12.175,12.199,0.975,0,0,0,84.294,27.242,5.698,78.157,51.960,32.226,19.734,31.836,23.882,6.646,17.236,5.043,300.000,350.000,2745.0,1750.1,2212.0,2745.7,2310.0,29.0,4.0,0.0,50.0,4.6,5.6,28.1,0.0,0.0,0.0,0.0,0,0,0,Yes,No,No,Yes,No,No,No,27.9,27.8,0,0,0,0,0,0,0,0,0,9,0,0,0,0,0,0,0,0,0,0,0,0,0,0,0,0,0,0,0,0,15553,750,450,41,32.0,45.5,46.8,3.312,5.078,12.031,115.000,0,1.625,4.062,13.250,5.383,20.630,159.414,185.427,182.000,204.791,90.5,0,0,0,0.0,360.0,390.0,334.3,322.3,328.6,317.5,359.6,580.4,260.8,260.2,260.4,260.2,2.78,2.92,2.65,2.58,2.95,3.01,0.65,2.13,1.07,1.71,0.42,36,92,0.0,0.0,0,
25.4.2026,11:19:32.538,11672,24710,32.0,8299,24115,25.6,0.0,3968,0,1.209,1.205,1.210,1.210,1.210,1.210,1.210,1.210,1.210,5010.7,4653.5,5225.0,5225.0,5225.0,5225.0,5225.0,4653.5,4653.5,100.0,822.5,26.3,43.7,604.1,446.2,3831.4,1909.4,1757.9,2009.9,1176.7,982.8,204.6,121.4,16.5,12.4,7.9,9.7,822.5,15.2,1.3,1.9,10.7,8.1,72.3,33.1,31.3,36.6,22.6,17.8,3.7,2.4,0.0,0.0,0.5,0.6,72.3,15.2,17.1,1.1,0.9,12.0,8.9,81.1,39.2,36.0,41.9,24.4,20.1,4.0,2.4,0.3,0.2,0.2,0.2,17.1,50.1,46.5,52.2,52.2,52.2,52.2,52.2,46.5,46.5,0.0,24.3,1.8,16.0,84.0,58.0,28.2,5.4,0.5,0.4,38.5,6.6,84.0,16.0,42.0,71.8,82.2,4.0,1.6,37.2,91.6,0.0,0.0,0.0,0.0,12.4,95.5,98.0,3000.0,30.00,30,36,36,76,112,884,1,53.8,52.6,51.1,41.9,40.6,41.3,50.6,45.1,44.3,38.7,38.7,35.8,41.0,41.0,50.8,45.4,46.3,46.3,50.0,1.214,1.240,1.100,21.008,14.146,21.008,54.000,7.296,57.955,2.124,0.148,1.903,6.299,4.367,2.959,1.175,0.088,0.055,25.481,17.540,51.047,57.951,2000.0,3000.0,5252.4,5252.4,5250.0,35.8,17.5,30.0,35.8,55.3,No,No,No,0.227,0.137,1.9,30,53,42,24,53,1.234,5.040,3.360,3.328,12.000,1.146,1.288,3.360,3.296,3.328,1.056,1.056,1.837,1.385,1.814,0.928,3.360,2.032,932,1403,810,936,942,56.5,52.8,39.0,1.365,1.365,1.815,1.800,0.990,5.110,0.375,No,No,No,40.0,1.365,1.365,1.815,1.800,0.990,5.110,0.625,No,No,No,53,53,53,95.0,100.0,No,No,50648,75680,41,97.0,100.0,No,No,32331,69813,0.0,0.0,0.0,0.000,0.046,5308,3891,0.0,0.0,0.0,0.000,0.000,0,0,52.1,60.0,1.000,8.450,12.176,12.200,0.975,0,0,0,84.418,30.957,5.711,78.505,52.191,32.368,19.823,31.977,23.889,6.646,17.243,41.216,300.000,350.000,2745.0,1750.1,2212.0,2745.7,2310.0,29.0,4.0,0.0,50.0,4.6,5.6,28.2,0.0,0.0,0.0,0.0,0,0,0,Yes,No,No,Yes,No,No,No,28.1,28.0,0,0,0,0,0,0,0,0,0,9,0,0,0,0,0,0,0,0,0,0,0,0,0,0,0,0,0,0,0,0,15553,750,450,41,32.0,45.5,46.8,3.312,5.078,12.031,115.000,0,1.625,4.062,12.500,5.383,20.630,150.391,176.403,174.000,195.462,90.2,0,0,0,0.0,360.0,392.5,330.2,321.0,325.7,317.6,360.0,652.0,248.3,239.8,244.6,236.1,2.78,2.90,2.67,2.53,2.97,3.11,0.65,2.13,1.06,1.72,0.51,36,92,0.6,9.0,0,
25.4.2026,11:19:34.533,11667,24715,32.0,8295,24119,25.5,0.0,3968,0,1.215,1.215,1.215,1.215,1.215,1.215,1.215,1.215,1.215,5010.7,4653.5,5225.0,5225.0,5225.0,5225.0,5225.0,4653.5,4653.5,100.0,811.2,19.1,34.3,620.5,435.3,1899.7,1513.7,2842.6,3156.5,1220.9,855.6,210.5,135.3,14.8,8.2,5.4,7.6,811.2,14.8,1.2,0.1,10.4,7.1,35.1,27.6,51.7,57.9,22.9,14.8,3.0,1.9,2.1,1.2,0.0,0.0,57.9,14.8,16.9,1.1,0.7,12.4,8.7,39.6,31.4,59.2,66.4,25.4,17.5,4.1,2.7,0.3,0.2,0.1,0.2,16.9,50.1,46.5,52.2,52.2,52.2,52.2,52.2,46.5,46.5,0.0,24.0,1.6,15.8,53.8,86.8,27.7,5.6,0.4,0.2,39.5,6.9,84.2,46.2,13.2,72.3,89.6,2.3,1.0,36.6,91.6,0.0,0.0,0.0,0.0,4.9,97.2,98.7,3000.0,30.00,30,36,36,76,112,884,1,53.4,51.9,52.5,41.9,39.8,42.2,46.1,49.6,43.6,39.4,38.5,36.0,41.1,41.1,51.0,45.5,46.3,46.3,50.0,1.214,1.240,1.100,20.892,14.164,20.891,53.500,7.301,57.805,2.113,0.134,1.921,4.061,6.506,2.894,1.284,0.060,0.044,25.338,17.563,50.933,57.835,2000.0,3000.0,5252.5,5252.5,5250.0,35.7,17.4,29.7,35.7,54.6,No,No,No,0.208,0.128,1.9,30,53,42,24,53,1.234,5.040,3.360,3.328,12.000,1.146,1.288,3.360,3.296,3.328,1.056,1.056,1.822,1.376,1.814,0.928,3.360,2.024,932,1403,816,946,966,56.5,52.8,39.0,1.365,1.365,1.815,1.800,0.990,5.110,0.625,No,No,No,40.0,1.365,1.365,1.815,1.800,0.990,5.040,0.625,No,No,No,53,52,53,95.0,100.0,No,No,50648,75680,40,97.0,100.0,No,No,32331,69813,0.0,0.1,0.1,0.000,0.020,5308,3891,0.0,0.0,0.0,0.000,0.000,0,0,52.2,60.0,1.005,8.447,12.170,12.194,0.975,0,0,0,84.400,34.970,5.720,78.545,52.225,32.376,19.849,31.986,24.223,6.718,17.505,80.554,300.000,350.000,2745.0,1750.1,2212.0,2746.6,2310.0,29.0,4.0,0.0,50.0,4.6,5.7,28.3,0.0,0.0,0.0,0.0,0,0,0,Yes,No,No,Yes,No,No,No,28.1,28.0,0,0,0,0,0,0,0,0,0,9,0,0,0,0,0,0,0,0,0,0,0,0,0,0,0,0,0,0,0,0,15553,750,450,41,32.0,45.5,46.8,3.312,5.078,12.031,115.000,0,1.625,4.062,13.250,5.383,20.630,159.414,185.427,180.000,204.791,90.5,0,0,0,0.0,360.0,395.8,328.7,322.8,325.3,321.0,358.9,720.4,240.0,196.0,220.4,180.0,2.78,2.94,2.62,2.60,2.99,3.08,0.65,2.13,1.07,1.71,0.23,36,92,0.0,0.0,0,
25.4.2026,11:19:36.544,11666,24716,32.0,8295,24119,25.5,0.0,3968,0,1.208,1.205,1.215,1.215,1.205,1.205,1.205,1.205,1.205,5010.7,4653.5,5225.0,5225.0,5225.0,5225.0,5225.0,4653.5,4653.5,100.0,811.2,14.2,28.5,619.4,426.0,2884.3,2878.2,1811.6,1832.4,1310.2,818.9,187.7,131.5,16.4,8.0,6.2,5.9,811.2,14.8,0.3,0.8,11.0,7.7,52.5,52.7,30.8,33.9,25.3,14.7,3.3,2.6,0.0,0.0,0.4,0.4,52.7,14.8,16.8,1.0,0.6,12.3,8.5,60.5,60.5,36.6,38.4,27.3,16.7,3.6,2.6,0.3,0.2,0.1,0.1,16.8,50.1,46.5,52.2,52.2,52.2,52.2,52.2,46.5,46.5,0.0,24.1,1.4,15.7,84.6,56.5,28.2,5.3,0.5,0.3,38.6,4.6,84.3,15.4,43.5,71.8,85.9,2.4,0.7,37.4,94.0,0.0,0.0,0.0,0.0,8.8,97.1,99.0,3000.0,30.00,30,36,36,76,112,884,1,53.6,52.7,55.6,41.9,40.6,41.2,50.8,44.8,44.4,38.7,38.7,35.8,41.1,41.1,51.0,45.3,46.3,46.3,50.0,1.214,1.240,1.100,20.877,14.208,20.878,46.500,7.287,57.867,2.112,0.110,1.888,6.362,4.242,2.975,1.207,0.067,0.041,25.325,17.618,50.958,57.861,2000.0,3000.0,5252.7,5252.7,5250.0,35.7,17.4,25.8,35.7,55.4,No,No,No,0.197,0.125,1.9,30,53,42,24,53,1.225,5.040,3.360,3.328,12.000,1.146,1.288,3.360,3.296,3.328,1.056,1.056,1.837,1.385,1.814,0.928,3.360,2.024,933,1407,834,934,943,56.5,52.8,39.0,1.350,1.365,1.815,1.800,0.990,5.040,0.625,No,No,No,40.0,1.365,1.365,1.815,1.800,0.990,5.040,0.625,No,No,No,53,52,53,95.0,100.0,No,No,50648,75680,40,97.0,100.0,No,No,32331,69813,0.0,0.0,0.0,0.000,0.000,5308,3891,0.0,0.0,0.0,0.000,0.000,0,0,52.2,60.0,1.005,8.442,12.162,12.189,0.975,0,0,0,84.466,31.658,5.668,78.207,51.982,32.227,19.755,31.837,24.216,6.715,17.501,48.473,300.000,350.000,2745.0,1750.1,2212.0,2745.8,2310.0,29.0,4.0,0.0,49.0,4.6,5.6,28.2,0.0,0.0,0.0,0.0,0,0,0,Yes,No,No,Yes,No,No,No,27.9,28.4,0,0,0,0,0,0,0,0,0,9,0,0,0,0,0,0,0,0,0,0,0,0,0,0,0,0,0,0,0,0,15553,750,450,41,32.0,45.5,46.8,3.312,5.078,12.031,115.000,0,1.625,4.062,13.000,5.383,20.630,156.406,182.419,176.000,201.680,90.4,0,0,0,0.0,360.0,392.6,332.2,326.6,329.0,326.5,360.0,396.7,329.4,322.2,325.7,320.3,2.78,2.90,2.66,2.58,2.96,3.00,0.65,2.13,1.07,1.71,0.11,36,92,0.0,0.0,0,
25.4.2026,11:19:38.541,11661,24721,32.0,8293,24121,25.5,0.0,3968,0,1.211,1.215,1.210,1.210,1.210,1.210,1.210,1.210,1.210,5010.7,4653.5,5225.0,5225.0,5225.0,5225.0,5225.0,4653.5,4653.5,100.0,811.2,13.1,26.9,635.5,389.1,4959.0,1629.1,2192.7,658.6,1328.4,821.3,188.8,98.5,18.7,8.9,3.3,6.7,811.2,14.9,0.9,0.6,11.2,6.8,94.5,26.4,39.9,10.8,25.8,14.6,3.2,1.8,0.5,0.3,0.2,0.3,94.5,14.9,16.8,0.9,0.5,12.6,7.7,105.4,32.9,45.3,13.1,27.7,16.7,3.6,1.9,0.4,0.2,0.1,0.1,16.8,50.1,46.5,52.2,52.2,52.2,52.2,52.2,46.5,46.5,0.0,24.0,1.2,15.5,95.0,46.8,28.1,4.8,0.5,0.2,38.4,5.9,84.5,5.0,53.2,71.9,84.4,1.5,0.6,37.6,92.9,0.0,0.0,0.0,0.0,10.8,98.0,99.2,3000.0,30.00,30,36,36,76,112,884,1,53.8,52.9,50.1,41.8,40.9,40.8,52.3,43.2,44.7,38.4,38.7,35.7,41.2,41.2,51.2,45.5,46.3,46.3,50.0,1.214,1.240,1.100,20.841,14.159,20.838,44.500,7.302,57.761,2.112,0.122,1.861,7.117,3.558,2.997,1.147,0.055,0.038,25.278,17.557,50.867,57.766,2000.0,3000.0,5252.8,5252.8,5250.0,35.7,17.4,24.7,35.7,55.7,No,No,No,0.212,0.133,1.9,30,53,42,24,53,1.234,5.040,3.360,3.328,12.000,1.146,1.288,3.360,3.296,3.328,1.056,1.056,1.837,1.385,1.814,0.928,3.360,2.032,927,1406,809,933,973,56.5,52.8,39.0,1.350,1.365,1.815,1.800,0.990,5.040,0.625,No,No,No,40.0,1.350,1.350,1.815,1.800,0.990,5.040,0.625,No,No,No,53,53,53,95.0,100.0,No,No,50648,75680,40,97.0,100.0,No,No,32331,69813,0.0,0.1,0.1,0.000,0.075,5308,3892,0.0,0.0,0.0,0.000,0.000,0,0,52.3,60.0,1.005,8.448,12.172,12.197,0.975,0,0,0,84.426,30.171,5.709,78.572,52.229,32.378,19.851,31.988,24.227,6.720,17.507,32.533,300.000,350.000,2745.0,1750.1,2212.0,2745.7,2310.0,29.0,4.0,0.0,50.0,4.6,5.6,28.1,0.0,0.0,0.0,0.0,0,0,0,Yes,No,No,Yes,No,No,No,28.1,28.1,0,0,0,0,0,0,0,0,0,9,0,0,0,0,0,0,0,0,0,0,0,0,0,0,0,0,0,0,0,0,15553,750,450,41,32.0,45.5,46.8,3.312,5.078,12.031,115.000,0,1.625,4.125,13.000,5.383,20.947,156.406,182.736,180.000,202.008,90.5,0,0,0,0.0,360.0,387.7,335.2,329.8,332.4,327.9,360.0,430.1,309.2,307.8,308.6,307.0,2.78,2.89,2.67,2.54,2.96,3.04,0.65,2.13,1.07,1.70,0.19,36,92,0.0,0.0,0,
25.4.2026,11:19:40.537,11662,24720,32.0,8292,24122,25.5,0.0,3968,0,1.214,1.210,1.215,1.215,1.215,1.215,1.215,1.215,1.215,4867.8,4653.5,4653.5,5225.0,5225.0,5225.0,4653.5,4653.5,4653.5,100.0,815.7,24.1,26.3,664.4,404.1,3278.7,1308.4,3665.1,1178.6,1340.4,815.6,202.9,115.1,12.0,7.9,4.0,4.2,815.7,14.9,1.2,0.0,11.6,7.1,61.6,22.3,69.0,19.2,25.7,14.5,3.4,2.1,0.0,0.3,0.2,0.3,69.0,14.9,16.9,1.2,0.5,13.2,8.0,69.2,26.7,77.4,23.7,28.0,16.6,3.9,2.3,0.2,0.2,0.1,0.1,16.9,48.7,46.5,46.5,52.2,52.2,52.2,46.5,46.5,46.5,0.0,24.3,1.5,16.1,69.9,72.5,28.6,5.3,0.4,0.2,39.1,5.9,83.9,30.1,27.5,71.4,90.8,2.3,0.8,36.6,92.6,0.0,0.0,0.0,0.0,3.9,97.4,99.1,3000.0,30.00,30,36,36,76,112,884,1,53.5,52.2,51.6,41.9,40.3,41.6,48.5,47.1,44.1,39.0,38.7,35.8,41.2,41.2,51.2,45.2,46.3,46.3,50.0,1.214,1.240,1.100,21.030,14.152,21.027,46.000,7.297,57.978,2.136,0.140,1.927,5.227,5.446,2.971,1.267,0.068,0.043,25.507,17.548,51.081,57.980,2000.0,3000.0,5252.2,5252.2,5250.0,35.8,17.5,25.6,35.8,55.0,No,No,No,0.203,0.127,1.9,30,53,42,24,53,1.225,5.040,3.360,3.328,12.000,1.146,1.288,3.360,3.296,3.328,1.056,1.056,1.837,1.376,1.814,0.928,3.360,2.024,931,1407,827,937,942,56.5,52.8,39.0,1.350,1.365,1.815,1.800,0.990,5.040,0.500,No,No,No,40.0,1.350,1.365,1.815,1.800,0.990,5.040,0.750,No,No,No,53,52,53,95.0,100.0,No,No,50648,75680,40,97.0,100.0,No,No,32331,69813,0.0,0.0,0.0,0.000,0.002,5308,3892,0.0,0.0,0.0,0.000,0.000,0,0,52.3,60.0,1.005,8.443,12.163,12.190,0.975,0,0,0,84.527,30.869,5.705,78.416,52.128,32.324,19.804,31.934,24.252,6.746,17.506,39.873,300.000,350.000,2745.0,1750.1,2212.0,2744.4,2310.0,29.0,4.0,0.0,50.0,4.6,5.7,28.3,0.0,0.0,0.0,0.0,0,0,0,Yes,No,No,Yes,No,No,No,28.1,28.3,0,0,0,0,0,0,0,0,0,9,0,0,0,0,0,0,0,0,0,0,0,0,0,0,0,0,0,0,0,0,15553,750,450,41,32.0,45.5,46.8,3.312,5.078,12.031,115.000,0,1.625,4.062,12.750,5.383,20.630,153.398,179.411,174.000,198.570,90.4,0,0,0,0.0,359.9,390.3,333.8,328.8,331.5,326.8,360.0,470.2,291.6,290.7,291.0,290.7,2.78,2.89,2.66,2.57,2.94,3.01,0.66,2.12,1.08,1.70,0.26,36,92,0.0,0.0,0,
25.4.2026,11:19:42.534,11648,24734,32.0,8279,24135,25.5,0.0,3968,0,1.208,1.205,1.215,1.215,1.205,1.205,1.205,1.205,1.205,5010.7,4653.5,5225.0,5225.0,5225.0,5225.0,5225.0,4653.5,4653.5,100.0,819.6,22.3,33.3,681.7,417.4,2908.4,2491.6,1875.0,2185.2,1324.5,802.4,211.0,119.1,16.0,10.1,7.1,7.6,819.6,14.9,0.3,1.5,12.1,7.4,53.7,45.5,32.5,40.2,25.5,14.2,3.6,1.4,0.4,0.0,0.0,0.0,53.7,14.9,17.0,1.1,0.6,13.6,8.3,61.1,52.2,38.0,46.0,27.6,16.3,4.0,2.3,0.3,0.2,0.1,0.1,17.0,50.1,46.5,52.2,52.2,52.2,52.2,52.2,46.5,46.5,0.0,24.3,1.5,16.6,79.7,62.2,27.9,5.5,0.5,0.2,39.6,8.1,83.4,20.3,37.8,72.1,90.9,2.9,1.1,36.2,90.3,0.0,0.0,0.0,0.0,3.6,96.6,98.7,3000.0,30.00,30,36,36,76,112,884,1,53.8,52.6,53.9,41.9,40.6,41.4,50.0,45.7,44.3,38.9,38.7,35.8,41.2,41.2,50.8,45.5,46.3,46.3,50.0,1.214,1.240,1.100,21.087,14.161,21.091,51.500,7.301,58.056,2.133,0.153,1.931,5.974,4.653,2.968,1.270,0.070,0.046,25.576,17.559,51.165,58.075,2000.0,3000.0,5252.2,5252.2,5250.0,35.8,17.6,28.6,35.8,55.4,No,No,No,0.230,0.138,1.9,30,53,42,24,53,1.234,5.080,3.360,3.328,12.000,1.146,1.288,3.360,3.296,3.328,1.056,1.056,1.837,1.376,1.814,0.928,3.360,2.032,927,1403,810,937,948,56.5,52.8,39.0,1.350,1.365,1.815,1.815,0.990,5.040,0.375,No,No,No,40.0,1.350,1.365,1.815,1.815,0.990,5.040,0.625,No,No,No,53,53,53,95.0,100.0,No,No,50648,75680,40,97.0,100.0,No,No,32331,69813,0.0,0.1,0.1,0.000,0.030,5308,3892,0.0,0.0,0.0,0.000,0.000,0,0,52.3,60.0,1.005,8.444,12.166,12.191,0.975,0,0,0,84.397,27.476,5.706,78.744,52.327,32.449,19.878,32.059,24.266,6.749,17.517,5.067,300.000,350.000,2745.0,1750.1,2212.0,2742.8,2310.0,29.0,4.0,0.0,50.0,4.6,5.6,28.2,0.0,0.0,0.0,0.0,0,0,0,Yes,No,No,Yes,No,No,No,28.1,28.7,0,0,0,0,0,0,0,0,0,9,0,0,0,0,0,0,0,0,0,0,0,0,0,0,0,0,0,0,0,0,15553,750,450,41,32.0,45.5,46.8,3.312,5.078,12.031,115.000,0,1.625,4.062,13.250,5.383,20.630,159.414,185.427,180.000,204.791,90.5,0,0,0,0.0,359.9,389.4,334.2,317.3,326.7,310.4,360.0,518.2,275.8,275.5,275.7,275.4,2.78,2.86,2.68,2.60,2.90,2.96,0.65,2.13,1.07,1.71,0.34,36,92,2.3,10.4,0,
25.4.2026,11:19:44.530,11653,24729,32.0,8281,24133,25.5,0.0,3968,0,1.206,1.210,1.205,1.205,1.205,1.205,1.205,1.205,1.205,5010.7,4653.5,5225.0,5225.0,5225.0,5225.0,5225.0,4653.5,4653.5,100.0,813.6,17.3,31.6,614.4,417.2,3890.7,2880.1,1934.7,750.2,1340.6,797.9,190.3,126.4,11.3,4.9,4.5,5.6,813.6,14.6,1.0,0.7,10.2,6.4,72.3,51.6,34.0,12.9,25.1,13.4,2.6,2.2,0.4,1.0,0.3,0.3,72.3,14.6,16.9,1.0,0.6,12.3,8.2,82.1,60.2,39.5,15.2,27.9,16.2,3.7,2.4,0.2,0.1,0.1,0.1,16.9,50.1,46.5,52.2,52.2,52.2,52.2,52.2,46.5,46.5,0.0,24.0,1.5,15.4,97.3,44.4,28.0,5.3,0.3,0.2,39.5,5.1,84.6,2.7,55.6,72.0,93.4,1.9,0.7,36.4,93.4,0.0,0.0,0.0,0.0,1.3,97.8,99.1,3000.0,30.00,30,36,36,76,112,884,1,53.9,53.1,52.0,41.8,41.0,40.6,52.7,42.7,44.7,38.4,38.8,35.6,41.2,41.2,51.2,45.5,46.3,46.3,50.0,1.214,1.240,1.100,20.967,14.159,20.962,46.000,7.301,57.928,2.125,0.117,1.869,7.300,3.351,2.973,1.285,0.058,0.043,25.430,17.557,51.019,57.916,2000.0,3000.0,5252.5,5252.5,5250.0,35.8,17.5,25.6,35.8,55.9,No,No,No,0.208,0.129,1.9,30,53,42,24,53,1.234,5.040,3.360,3.328,12.000,1.146,1.288,3.360,3.296,3.328,1.056,1.056,1.822,1.376,1.814,0.928,3.360,2.024,933,1397,829,936,942,56.5,52.8,39.0,1.350,1.365,1.815,1.815,1.005,5.040,0.375,No,No,No,40.0,1.350,1.365,1.815,1.815,1.005,5.040,0.625,No,No,No,53,52,53,95.0,100.0,No,No,50648,75680,40,97.0,100.0,No,No,32331,69813,0.0,0.2,0.2,0.000,0.065,5308,3892,0.0,0.0,0.0,0.000,0.000,0,0,52.4,60.0,1.005,8.443,12.165,12.190,0.975,0,0,0,84.276,27.408,5.705,78.479,52.167,32.350,19.817,31.961,24.264,6.748,17.516,5.073,300.000,350.000,2737.0,1750.1,2212.0,2742.7,2310.0,29.0,4.0,0.0,49.0,4.6,5.6,28.2,0.0,0.0,0.0,0.0,0,0,0,Yes,No,No,Yes,No,No,No,28.0,28.5,0,0,0,0,0,0,0,0,0,9,0,0,0,0,0,0,0,0,0,0,0,0,0,0,0,0,0,0,0,0,15553,750,450,41,32.0,45.5,46.8,3.312,5.078,12.031,115.000,0,1.625,4.062,13.000,5.383,20.630,156.406,182.419,182.000,201.680,90.4,0,0,0,0.0,359.9,388.1,333.6,329.5,331.1,328.8,360.0,579.4,261.3,260.7,260.9,260.6,2.78,2.98,2.60,2.57,2.99,3.01,0.65,2.13,1.06,1.72,0.42,36,92,0.0,0.0,0,
25.4.2026,11:19:46.541,11696,24686,32.1,8322,24092,25.6,0.0,3968,0,1.211,1.215,1.210,1.210,1.210,1.210,1.210,1.210,1.210,5010.7,4653.5,5225.0,5225.0,5225.0,5225.0,5225.0,4653.5,4653.5,100.0,830.0,18.6,32.5,623.0,431.1,3509.3,1539.3,3458.8,1170.9,1349.2,773.0,185.9,152.3,13.6,8.8,4.6,9.0,830.0,15.3,1.1,0.7,11.2,7.4,66.3,26.6,64.9,19.3,25.9,13.7,3.4,2.7,0.5,0.0,0.3,0.4,66.3,15.3,17.2,1.0,0.6,12.5,8.5,74.2,31.6,72.9,23.6,28.1,15.7,3.7,2.9,0.3,0.2,0.1,0.2,17.2,50.1,46.5,52.2,52.2,52.2,52.2,52.2,46.5,46.5,0.0,24.4,1.5,15.7,74.1,69.5,28.3,5.6,0.4,0.3,38.9,5.8,84.3,25.9,30.5,71.7,89.3,2.7,0.9,36.7,92.7,0.0,0.0,0.0,0.0,5.1,96.8,98.8,3000.0,30.00,30,36,36,76,112,884,1,54.1,52.5,50.2,42.0,40.5,41.6,49.3,46.8,44.3,39.0,38.8,35.9,41.3,41.3,51.2,45.4,46.3,46.3,50.0,1.214,1.240,1.100,21.248,14.174,21.248,46.000,7.303,58.308,2.159,0.125,1.908,5.612,5.259,2.983,1.273,0.067,0.045,25.772,17.574,51.379,58.327,2000.0,3000.0,5252.1,5252.1,5250.0,36.0,17.7,25.6,36.0,55.3,No,No,No,0.647,0.595,2.0,30,54,43,24,54,1.225,5.040,3.360,3.328,12.000,1.146,1.288,3.360,3.296,3.328,1.056,1.056,1.822,1.376,1.814,0.928,3.360,2.024,934,1396,833,934,967,56.5,52.8,39.0,1.350,1.365,1.815,1.815,1.005,5.040,0.625,No,No,No,40.0,1.350,1.365,1.815,1.815,1.005,5.040,0.625,No,No,No,53,53,53,95.0,100.0,No,No,50648,75680,40,97.0,100.0,No,No,32331,69813,0.0,0.3,0.3,0.000,1.556,5308,3895,0.0,0.0,0.0,0.000,0.000,0,0,52.5,60.0,1.005,8.444,12.166,12.190,0.975,0,0,0,84.354,27.388,5.694,78.421,52.121,32.327,19.794,31.937,24.248,6.712,17.536,5.091,300.000,350.000,2737.0,1750.1,2212.0,2741.8,2310.0,29.0,4.0,0.0,50.0,4.6,5.6,28.2,0.0,0.0,0.0,0.0,0,0,0,Yes,No,No,Yes,No,No,No,28.0,28.0,0,0,0,0,0,0,0,0,0,9,0,0,0,0,0,0,0,0,0,0,0,0,0,0,0,0,0,0,0,0,15553,750,450,41,32.0,45.5,46.8,3.312,5.078,12.031,115.000,0,1.625,4.125,12.750,5.383,20.947,153.398,179.729,186.000,198.898,90.4,0,0,0,0.0,360.0,394.0,334.7,329.8,332.4,328.0,360.0,649.9,249.0,246.7,247.9,245.8,2.78,2.89,2.67,2.66,2.93,3.00,0.65,2.13,1.06,1.71,0.50,36,92,0.0,0.1,0,
25.4.2026,11:19:48.538,11656,24726,32.0,8290,24124,25.5,0.0,3968,0,1.211,1.215,1.210,1.210,1.210,1.210,1.210,1.210,1.210,5010.7,4653.5,5225.0,5225.0,5225.0,5225.0,5225.0,4653.5,4653.5,100.0,859.0,86.6,82.4,675.1,465.4,2600.9,1663.6,3154.2,2221.5,1322.1,847.6,258.3,230.4,42.4,43.8,19.6,29.4,859.0,15.7,1.7,0.9,12.3,8.1,48.8,29.7,58.3,40.0,25.6,15.2,4.8,4.1,0.2,1.0,0.0,0.0,58.3,15.7,17.8,1.7,1.7,13.6,9.2,54.8,34.4,66.1,46.2,27.6,17.3,5.2,4.5,0.9,0.9,0.4,0.6,17.8,50.1,46.5,52.2,52.2,52.2,52.2,52.2,46.5,46.5,0.0,25.1,2.8,16.9,64.7,78.1,28.6,7.2,1.3,0.8,39.9,9.8,83.1,35.3,21.9,71.4,89.4,5.3,3.4,35.0,87.5,0.0,0.0,0.0,0.0,3.4,93.3,95.9,3000.0,30.00,30,36,36,76,112,884,1,54.0,52.4,50.2,42.3,40.5,42.3,48.0,48.5,44.3,39.7,39.0,36.3,41.4,41.4,50.8,45.5,46.3,46.3,50.0,1.214,1.240,1.100,21.731,14.184,21.733,68.500,7.304,58.936,2.222,0.262,2.018,4.883,5.916,3.001,1.432,0.157,0.108,26.376,17.587,51.996,58.931,2000.0,3000.0,5251.4,5251.4,5250.0,36.4,18.1,38.1,36.4,55.2,No,No,No,0.477,0.466,2.0,30,54,43,24,54,1.225,5.040,3.360,3.328,12.000,1.146,1.288,3.360,3.296,3.328,1.056,1.056,1.822,1.376,1.814,0.928,3.360,2.032,947,1425,828,968,981,56.5,52.8,39.0,1.350,1.365,1.815,1.815,1.005,5.040,0.375,No,No,No,40.0,1.350,1.365,1.815,1.815,1.005,5.040,0.375,No,No,No,53,53,53,95.0,100.0,No,No,50648,75680,40,97.0,100.0,No,No,32331,69813,0.0,0.1,0.1,0.000,0.101,5308,3895,0.0,0.0,0.0,0.000,0.000,0,0,52.5,60.0,1.000,8.447,12.171,12.195,0.975,0,0,0,84.439,27.437,5.721,78.587,52.240,32.401,19.839,32.011,24.239,6.709,17.530,5.091,300.000,350.000,2737.0,1750.1,2212.0,2740.8,2310.0,29.0,4.0,0.0,50.0,4.6,5.7,28.3,0.0,0.0,0.0,0.0,0,0,0,Yes,No,No,Yes,No,No,No,28.1,28.1,0,0,0,0,0,0,0,0,0,9,0,0,0,0,0,0,0,0,0,0,0,0,0,0,0,0,0,0,0,0,15553,750,450,41,32.0,45.5,46.8,3.312,5.078,12.031,115.000,0,1.625,4.062,13.250,5.383,20.630,159.414,185.427,182.000,204.791,90.5,0,0,0,0.0,360.0,398.4,327.8,319.1,322.7,317.0,360.0,719.9,239.8,238.6,239.2,238.2,2.78,2.96,2.61,2.51,2.99,3.05,0.65,2.13,1.07,1.70,0.32,36,92,0.4,0.2,0,
25.4.2026,11:19:50.532,11655,24727,32.0,8288,24126,25.5,0.0,3968,0,1.210,1.210,1.210,1.210,1.210,1.210,1.210,1.210,1.210,5010.7,4653.5,5225.0,5225.0,5225.0,5225.0,5225.0,4653.5,4653.5,100.0,817.2,15.1,29.8,570.1,471.5,3266.4,2963.2,1068.2,2229.1,1167.5,955.0,170.1,134.4,14.3,10.8,5.1,4.1,817.2,14.5,0.1,0.0,9.5,7.5,60.1,53.6,16.7,40.8,21.8,16.7,2.4,1.5,0.0,0.0,0.3,0.3,60.1,14.5,16.9,0.7,0.6,11.4,9.4,68.8,62.0,20.8,46.7,24.3,19.6,3.4,2.5,0.3,0.2,0.1,0.1,16.9,50.1,46.5,52.2,52.2,52.2,52.2,52.2,46.5,46.5,0.0,24.2,1.2,15.5,90.4,52.2,28.2,5.1,0.5,0.2,38.9,6.1,84.5,9.6,47.8,71.8,88.1,2.6,0.6,37.0,92.7,0.0,0.0,0.0,0.0,6.8,97.0,99.2,3000.0,30.00,30,36,36,76,112,884,1,54.0,52.9,50.8,42.0,41.0,41.2,51.8,44.1,44.7,38.7,38.9,35.9,41.3,41.3,51.0,45.3,46.3,46.3,50.0,1.214,1.240,1.100,21.029,14.154,21.030,43.500,7.295,58.002,2.122,0.128,1.902,6.777,3.862,2.971,1.224,0.070,0.040,25.509,17.550,51.083,57.988,2000.0,3000.0,5252.3,5252.3,5250.0,35.8,17.5,24.2,35.8,55.7,No,No,No,0.208,0.125,1.9,30,54,43,24,54,1.225,5.040,3.360,3.328,12.000,1.146,1.288,3.360,3.296,3.328,1.056,1.056,1.837,1.385,1.814,0.928,3.360,2.024,955,1436,832,971,967,56.5,52.8,39.0,1.350,1.365,1.815,1.815,1.005,5.040,0.375,No,No,No,40.0,1.350,1.365,1.815,1.815,1.005,5.040,0.625,No,No,No,53,53,53,95.0,100.0,No,No,50648,75680,40,97.0,100.0,No,No,32331,69813,0.0,0.1,0.1,0.000,0.077,5308,3895,0.0,0.0,0.0,0.000,0.000,0,0,52.5,60.0,1.000,8.447,12.171,12.195,0.975,0,0,0,84.574,27.466,5.733,78.659,52.299,32.425,19.874,32.035,24.268,6.710,17.558,5.103,300.000,350.000,2737.0,1750.1,2212.0,2740.4,2310.0,29.0,4.0,0.0,49.0,4.6,5.6,28.2,0.0,0.0,0.0,0.0,0,0,0,Yes,No,No,Yes,No,No,No,28.1,28.1,0,0,0,0,0,0,0,0,0,9,0,0,0,0,0,0,0,0,0,0,0,0,0,0,0,0,0,0,0,0,15553,750,450,41,32.0,45.5,46.8,3.312,5.078,12.016,115.000,0,1.688,4.125,13.250,5.590,20.947,159.207,185.744,180.000,205.119,90.6,0,0,0,0.0,360.0,393.5,333.4,315.8,323.9,314.3,359.9,396.6,330.1,328.4,328.9,328.2,2.78,2.91,2.63,2.60,2.95,2.98,0.65,2.13,1.07,1.71,0.10,36,92,1.0,0.0,0,
25.4.2026,11:19:52.544,11653,24729,32.0,8283,24131,25.5,0.0,3968,0,1.211,1.210,1.215,1.215,1.210,1.210,1.210,1.210,1.210,5010.7,4653.5,5225.0,5225.0,5225.0,5225.0,5225.0,4653.5,4653.5,100.0,814.6,15.4,34.7,548.0,471.5,4138.7,2868.9,777.7,1730.3,1139.6,984.8,153.1,135.5,13.0,8.7,4.2,9.1,814.6,15.1,1.0,1.6,9.8,8.3,77.4,51.4,12.2,31.5,22.0,17.9,2.8,2.4,1.2,1.1,0.3,0.4,77.4,15.1,16.9,0.8,0.7,10.9,9.3,87.5,59.8,14.9,36.0,23.7,20.2,3.0,2.5,0.3,0.2,0.1,0.2,16.9,50.1,46.5,52.2,52.2,52.2,52.2,52.2,46.5,46.5,0.0,24.0,1.3,15.1,99.9,42.0,27.9,4.8,0.4,0.3,38.9,6.7,84.9,0.1,58.0,72.1,85.9,2.6,0.8,37.1,92.0,0.0,0.0,0.0,0.0,9.3,97.0,98.9,3000.0,30.00,30,36,36,76,112,884,1,54.1,53.3,54.4,42.0,41.2,40.8,53.2,42.5,44.9,38.4,38.9,35.8,41.3,41.3,50.8,45.6,46.3,46.3,50.0,1.214,1.240,1.100,20.976,14.141,20.978,45.500,7.292,57.889,2.110,0.134,1.885,7.508,3.096,2.965,1.180,0.066,0.044,25.443,17.535,50.999,57.904,2000.0,3000.0,5252.1,5252.1,5250.0,35.7,17.5,25.3,35.7,56.1,No,No,No,0.205,0.128,1.9,30,54,43,24,54,1.234,5.040,3.360,3.328,12.000,1.146,1.288,3.360,3.296,3.328,1.056,1.056,1.837,1.376,1.814,0.928,3.360,2.024,952,1425,849,961,987,56.5,52.8,39.0,1.350,1.365,1.815,1.815,1.005,5.040,0.625,No,No,No,40.0,1.350,1.365,1.815,1.815,1.005,5.040,0.750,No,No,No,53,53,53,95.0,100.0,No,No,50648,75680,40,97.0,100.0,No,No,32331,69813,0.0,0.0,0.0,0.000,0.006,5308,3895,0.0,0.0,0.0,0.000,0.000,0,0,52.6,60.0,1.000,8.443,12.163,12.190,0.975,0,0,0,84.432,27.426,5.717,78.513,52.203,32.362,19.841,31.972,24.273,6.715,17.558,5.109,300.000,350.000,2737.0,1750.1,2212.0,2741.0,2310.0,29.0,4.0,0.0,49.0,4.6,5.6,28.1,0.0,0.0,0.0,0.0,0,0,0,Yes,No,No,Yes,No,No,No,28.1,27.9,0,0,0,0,0,0,0,0,0,9,0,0,0,0,0,0,0,0,0,0,0,0,0,0,0,0,0,0,0,0,15553,750,450,41,32.0,45.5,47.0,3.312,5.078,12.031,115.000,0,1.625,4.062,12.750,5.383,20.630,153.398,179.411,186.000,198.570,90.4,0,0,0,0.0,360.0,396.8,331.4,327.5,328.3,327.2,359.8,429.1,309.8,307.0,308.3,306.7,2.78,2.89,2.64,2.59,2.93,2.99,0.65,2.13,1.08,1.70,0.18,36,92,1.1,8.9,0,
25.4.2026,11:19:54.538,11654,24728,32.0,8282,24132,25.5,0.0,3968,0,1.207,1.210,1.215,1.205,1.205,1.205,1.205,1.205,1.205,4939.3,4653.5,4653.5,5225.0,5225.0,5225.0,5225.0,4653.5,4653.5,100.0,816.2,12.2,28.5,550.5,458.0,5239.8,1765.0,766.4,1769.1,1169.1,971.2,156.9,134.0,11.2,9.3,4.6,13.1,816.2,14.9,0.8,0.0,9.9,8.0,99.9,28.8,12.0,32.4,22.6,17.5,2.9,2.4,0.4,0.0,0.3,0.0,99.9,14.9,16.9,0.6,0.5,11.0,9.1,111.5,35.7,14.6,36.8,24.4,19.8,3.1,2.5,0.2,0.2,0.1,0.3,16.9,49.4,46.5,46.5,52.2,52.2,52.2,52.2,46.5,46.5,0.0,24.0,1.1,15.0,99.9,42.7,28.1,4.8,0.4,0.3,38.6,4.9,85.0,0.1,57.3,71.9,85.4,2.7,1.1,37.4,94.0,0.0,0.0,0.0,0.0,9.8,96.9,98.6,3000.0,30.00,30,36,36,76,112,884,1,54.1,53.2,52.5,41.9,41.2,40.7,53.2,42.5,44.8,38.3,38.9,35.7,41.3,41.3,51.2,45.7,46.3,46.3,50.0,1.214,1.240,1.100,20.989,14.196,20.987,49.500,7.300,57.984,2.114,0.111,1.877,7.540,3.132,2.960,1.172,0.069,0.050,25.462,17.603,51.095,57.995,2000.0,3000.0,5252.4,5252.4,5250.0,35.8,17.5,27.5,35.8,56.0,No,No,No,0.200,0.121,1.9,30,54,43,24,54,1.234,5.040,3.344,3.328,12.000,1.146,1.288,3.360,3.296,3.328,1.056,1.056,1.822,1.385,1.814,0.928,3.360,2.024,959,1427,851,957,991,56.5,52.8,39.0,1.350,1.365,1.815,1.815,1.005,5.040,0.625,No,No,No,40.0,1.350,1.365,1.815,1.815,1.005,5.040,0.625,No,No,No,53,53,53,95.0,100.0,No,No,50648,75680,40,97.0,100.0,No,No,32331,69813,0.0,0.0,0.0,0.000,0.004,5308,3895,0.0,0.0,0.0,0.000,0.000,0,0,52.6,60.0,1.000,8.446,12.169,12.194,0.975,0,0,0,84.538,27.442,5.732,78.563,52.229,32.395,19.834,32.005,24.274,6.717,17.557,5.115,300.000,350.000,2737.0,1750.1,2212.0,2741.5,2310.0,29.0,4.0,0.0,50.0,4.6,5.6,28.1,0.0,0.0,0.0,0.0,0,0,0,Yes,No,No,Yes,No,No,No,28.1,28.0,0,0,0,0,0,0,0,0,0,9,0,0,0,0,0,0,0,0,0,0,0,0,0,0,0,0,0,0,0,0,15553,750,450,41,32.0,45.5,46.8,3.312,5.078,12.031,115.000,0,1.625,4.125,13.250,5.383,20.947,159.414,185.744,180.000,205.119,90.6,0,0,0,0.0,360.0,393.2,332.3,330.5,331.0,330.4,360.0,468.3,292.5,291.4,291.8,291.3,2.78,2.94,2.62,2.53,2.97,3.01,0.66,2.12,1.07,1.70,0.25,36,92,0.0,0.0,0,
25.4.2026,11:19:56.533,11608,24774,31.9,8238,24176,25.4,0.0,3968,0,1.212,1.215,1.215,1.215,1.215,1.210,1.210,1.210,1.210,4939.3,4653.5,5225.0,5225.0,5225.0,5225.0,4653.5,4653.5,4653.5,100.0,837.7,20.9,46.7,551.3,520.5,4726.2,2204.1,891.7,1983.4,1129.7,1004.9,148.1,138.8,14.5,11.2,4.8,6.8,837.7,14.9,0.2,1.0,9.2,8.5,89.6,37.5,13.6,35.9,21.1,17.5,2.0,1.6,0.0,0.0,0.0,0.3,89.6,14.9,17.4,0.8,0.9,11.0,10.4,100.4,45.4,17.3,41.4,23.5,20.6,2.9,2.6,0.3,0.2,0.1,0.1,17.4,49.4,46.5,52.2,52.2,52.2,52.2,46.5,46.5,46.5,0.0,24.5,1.5,15.9,99.0,45.9,28.5,4.7,0.4,0.2,38.9,7.5,84.1,1.0,54.1,71.5,88.8,3.0,1.2,36.6,91.0,0.0,0.0,0.0,0.0,6.5,96.5,98.5,3000.0,30.00,30,36,36,76,112,884,1,54.4,53.4,50.8,42.1,41.3,41.0,53.2,43.1,44.9,38.5,38.9,35.7,41.4,41.4,51.2,45.3,46.3,46.3,50.0,1.214,1.240,1.100,21.404,14.240,21.403,46.000,7.300,58.605,2.162,0.156,1.945,7.457,3.405,2.981,1.228,0.074,0.047,25.962,17.657,51.649,58.604,2000.0,3000.0,5252.0,5252.0,5250.0,36.2,17.8,25.6,36.2,56.2,No,No,No,0.646,0.856,2.0,30,54,43,24,54,1.234,5.040,3.360,3.328,12.000,1.146,1.288,3.360,3.296,3.328,1.056,1.056,1.822,1.376,1.814,0.928,3.360,2.024,957,1425,851,960,991,56.5,52.8,39.0,1.350,1.365,1.815,1.815,0.990,5.040,0.625,No,No,No,40.0,1.350,1.365,1.815,1.815,1.005,5.040,0.375,No,No,No,53,53,53,95.0,100.0,No,No,50648,75680,40,97.0,100.0,No,No,32331,69813,0.0,0.2,0.2,0.000,1.544,5308,3898,0.0,0.0,0.0,0.000,0.000,0,0,52.6,60.0,1.000,8.446,12.170,12.194,0.975,0,0,0,84.315,27.404,5.708,78.430,52.144,32.341,19.803,31.951,24.273,6.702,17.571,5.122,300.000,350.000,2737.0,1750.1,2212.0,2741.4,2310.0,29.0,4.0,0.0,49.0,4.6,5.6,28.1,0.0,0.0,0.0,0.0,0,0,0,Yes,No,No,Yes,No,No,No,28.0,27.9,0,0,0,0,0,0,0,0,0,9,0,0,0,0,0,0,0,0,0,0,0,0,0,0,0,0,0,0,0,0,15553,750,450,41,32.0,45.5,47.0,3.312,5.078,12.031,115.000,0,1.625,4.062,13.000,5.383,20.630,156.406,182.419,188.000,201.680,90.4,0,0,0,0.0,360.1,395.2,333.7,321.6,327.2,320.7,360.0,516.9,276.3,275.6,275.9,275.5,2.78,2.94,2.65,2.57,2.97,2.98,0.65,2.13,1.07,1.71,0.34,36,92,0.9,0.2,0,
25.4.2026,11:19:58.543,11600,24782,31.8,8236,24178,25.4,0.0,3968,0,1.210,1.205,1.215,1.210,1.210,1.210,1.210,1.210,1.210,4939.3,4653.5,4653.5,5225.0,5225.0,5225.0,5225.0,4653.5,4653.5,100.0,812.1,17.0,35.8,547.7,470.9,1505.2,2528.3,2714.9,2688.4,1160.8,996.2,160.1,134.8,10.9,9.2,6.5,6.7,812.1,15.1,1.0,0.9,9.8,8.3,26.5,47.1,49.5,48.9,22.4,18.0,3.1,2.4,0.5,1.2,1.2,1.2,49.5,15.1,16.8,0.8,0.7,10.9,9.3,31.2,53.0,56.5,56.2,24.2,20.4,3.2,2.5,0.2,0.2,0.1,0.1,16.8,49.4,46.5,46.5,52.2,52.2,52.2,52.2,46.5,46.5,0.0,24.0,1.3,15.2,62.4,79.5,28.2,4.9,0.4,0.2,39.6,5.7,84.8,37.6,20.5,71.8,93.4,2.4,0.3,36.4,93.0,0.0,0.0,0.0,0.0,1.7,97.3,99.5,3000.0,30.00,30,36,36,76,112,884,1,53.9,52.0,54.4,41.9,40.1,41.8,47.4,48.2,44.0,39.1,38.7,35.8,41.2,41.2,50.5,45.4,46.3,46.3,50.0,1.214,1.240,1.100,21.007,14.153,21.009,46.500,7.305,57.954,2.117,0.124,1.889,4.664,5.908,2.961,1.292,0.062,0.034,25.480,17.549,51.065,57.969,2000.0,3000.0,5252.5,5252.5,5250.0,35.8,17.5,25.8,35.8,54.7,No,No,No,0.206,0.128,1.9,30,53,43,24,53,1.225,5.040,3.360,3.328,12.000,1.146,1.288,3.360,3.296,3.328,1.056,1.056,1.822,1.376,1.814,0.928,3.360,2.024,957,1428,832,973,962,57.4,52.8,39.0,1.350,1.365,1.815,1.815,0.990,5.110,0.750,No,No,No,40.0,1.350,1.365,1.815,1.815,0.990,5.040,0.625,No,No,No,53,53,53,95.0,100.0,No,No,50648,75680,40,97.0,100.0,No,No,32331,69813,0.0,0.1,0.1,0.000,0.108,5308,3898,0.0,0.0,0.0,0.000,0.000,0,0,52.6,60.0,1.000,8.445,12.167,12.193,0.975,0,0,0,84.282,27.418,5.682,78.501,52.175,32.350,19.825,31.960,24.285,6.717,17.568,5.122,300.000,350.000,2737.0,1750.1,2212.0,2741.3,2310.0,29.0,4.0,0.0,49.0,4.6,5.7,28.4,0.0,0.0,0.0,0.0,0,0,0,Yes,No,No,Yes,No,No,No,28.0,27.8,0,0,0,0,0,0,0,0,0,9,0,0,0,0,0,0,0,0,0,0,0,0,0,0,0,0,0,0,0,0,15553,750,450,41,32.0,45.5,47.0,3.312,5.078,12.031,115.000,0,1.625,4.125,12.500,5.383,20.947,150.391,176.721,176.000,195.790,90.3,0,0,0,0.0,360.0,390.1,335.4,321.7,327.8,317.9,359.6,575.0,261.6,260.2,260.9,259.6,2.78,2.89,2.68,2.54,2.95,2.98,0.65,2.13,1.07,1.70,0.41,36,92,0.1,0.0,0,
25.4.2026,11:20:0.532,11646,24736,32.0,8265,24149,25.4,0.0,3968,0,1.210,1.210,1.210,1.210,1.210,1.210,1.210,1.210,1.210,5010.7,4653.5,5225.0,5225.0,5225.0,5225.0,5225.0,4653.5,4653.5,100.0,813.0,19.6,40.3,542.9,448.1,2605.6,2793.2,2328.7,1741.3,1182.2,976.0,160.0,130.4,17.0,12.3,4.5,5.2,813.0,14.8,0.9,0.1,9.7,7.8,48.0,51.2,42.7,30.5,22.8,17.5,2.9,2.2,0.5,0.0,0.0,0.0,51.2,14.8,16.9,0.8,0.8,10.8,8.8,54.7,58.5,48.5,35.8,24.7,20.0,3.1,2.5,0.3,0.2,0.1,0.1,16.9,50.1,46.5,52.2,52.2,52.2,52.2,52.2,46.5,46.5,0.0,23.9,1.4,14.9,79.6,62.0,28.1,4.9,0.6,0.2,38.5,7.7,85.1,20.4,38.0,71.9,79.9,4.1,1.0,37.5,90.9,0.0,0.0,0.0,0.0,15.3,95.4,98.8,3000.0,30.00,30,36,36,76,112,884,1,53.8,52.5,53.4,41.9,40.6,41.2,50.1,45.5,44.3,38.6,38.7,35.8,41.2,41.2,50.8,45.4,46.4,46.4,50.0,1.214,1.240,1.100,20.896,14.147,20.897,46.000,7.300,57.821,2.101,0.148,1.858,5.974,4.624,2.972,1.106,0.082,0.043,25.347,17.542,50.919,57.824,2000.0,3000.0,5252.5,5252.5,5250.0,35.7,17.4,25.6,35.7,55.3,No,No,No,0.215,0.143,1.9,30,53,43,24,53,1.234,5.040,3.360,3.328,12.000,1.146,1.288,3.360,3.296,3.328,1.056,1.056,1.837,1.385,1.814,0.928,3.360,2.024,942,1410,840,941,976,56.5,52.8,39.0,1.350,1.365,1.815,1.815,0.990,5.040,0.625,No,No,No,40.2,1.350,1.365,1.815,1.815,0.990,5.040,0.500,No,No,No,53,53,53,95.0,100.0,No,No,50648,75680,40,97.0,100.0,No,No,32331,69813,0.0,0.2,0.2,0.008,0.191,5308,3899,0.0,0.0,0.0,0.000,0.000,0,0,52.6,60.0,1.000,8.448,12.171,12.197,0.975,0,0,0,84.433,27.450,5.708,78.582,52.233,32.392,19.841,32.002,24.304,6.726,17.578,5.134,300.000,350.000,2737.0,1750.1,2212.0,2740.5,2310.0,29.0,4.0,0.0,49.0,4.6,5.6,28.2,0.0,0.0,0.0,0.0,0,0,0,Yes,No,No,Yes,No,No,No,28.1,27.9,0,0,0,0,0,0,0,0,0,9,0,0,0,0,0,0,0,0,0,0,0,0,0,0,0,0,0,0,0,0,15553,750,450,41,32.0,45.5,47.0,3.312,5.078,12.031,115.000,0,1.625,4.062,12.750,5.383,20.630,153.398,179.411,186.000,198.570,90.4,0,0,0,0.0,360.0,389.3,331.3,317.8,324.3,312.9,360.4,651.5,249.0,246.9,247.9,246.6,2.78,2.90,2.65,2.54,2.97,3.02,0.65,2.13,1.07,1.70,0.50,36,92,0.1,0.1,0,
25.4.2026,11:20:2.531,11650,24732,32.0,8265,24149,25.4,0.0,3968,0,1.207,1.215,1.210,1.205,1.205,1.205,1.205,1.205,1.205,5010.7,4653.5,5225.0,5225.0,5225.0,5225.0,5225.0,4653.5,4653.5,100.0,832.2,51.2,52.5,583.7,487.5,3706.9,1788.7,2309.7,1798.0,1136.0,1001.7,185.4,155.6,20.2,18.9,11.4,7.8,832.2,14.9,0.7,1.3,9.9,8.0,70.1,30.3,41.8,31.3,21.1,17.7,2.8,2.1,0.0,0.7,0.6,0.5,70.1,14.9,17.2,1.3,1.0,11.7,9.7,78.6,36.5,48.0,37.0,23.5,20.5,3.7,3.0,0.4,0.4,0.2,0.1,17.2,50.1,46.5,52.2,52.2,52.2,52.2,52.2,46.5,46.5,0.0,24.6,2.0,15.9,81.0,62.5,28.8,5.6,0.7,0.4,39.8,11.0,84.1,19.0,37.5,71.2,88.7,5.2,1.9,35.6,87.0,0.0,0.0,0.0,0.0,5.7,94.1,97.7,3000.0,30.00,30,36,36,76,112,884,1,53.9,52.7,56.1,42.1,40.9,41.4,50.4,45.6,44.5,38.9,38.9,35.8,41.3,41.3,51.0,45.6,46.4,46.4,50.0,1.214,1.240,1.100,21.279,14.165,21.272,57.000,7.308,58.320,2.167,0.233,1.948,6.109,4.635,2.966,1.277,0.111,0.059,25.814,17.564,51.416,58.314,2000.0,3000.0,5251.8,5251.8,5250.0,36.0,17.7,31.7,36.0,55.5,No,No,No,0.264,0.148,2.0,30,53,43,24,53,1.234,5.040,3.360,3.328,12.000,1.146,1.288,3.360,3.296,3.328,1.056,1.056,1.837,1.376,1.814,0.928,3.360,2.032,933,1410,834,954,974,57.4,52.8,39.0,1.350,1.365,1.815,1.815,0.990,5.040,0.750,No,No,No,40.2,1.350,1.365,1.815,1.815,0.990,5.040,0.625,No,No,No,53,53,53,95.0,100.0,No,No,50648,75680,40,97.0,100.0,No,No,32331,69813,0.0,0.0,0.0,0.004,0.000,5308,3899,0.0,0.0,0.0,0.000,0.000,0,0,52.6,60.0,1.000,8.443,12.164,12.189,0.975,0,0,0,84.423,27.512,5.705,78.766,52.344,32.456,19.888,32.067,24.372,6.772,17.600,5.151,300.000,350.000,2737.0,1750.1,2212.0,2741.6,2310.0,29.0,4.0,0.0,49.0,4.6,5.7,28.3,0.0,0.0,0.0,0.0,0,0,0,Yes,No,No,Yes,No,No,No,28.1,27.9,0,0,0,0,0,0,0,0,0,9,0,0,0,0,0,0,0,0,0,0,0,0,0,0,0,0,0,0,0,0,15553,750,450,41,32.0,45.5,47.0,3.312,5.078,12.031,115.000,0,1.625,4.125,12.500,5.383,20.947,150.391,176.721,176.000,195.790,90.3,0,0,0,0.0,360.0,394.3,329.4,321.5,325.1,319.0,360.0,723.1,239.5,236.8,238.3,235.6,2.78,2.90,2.67,2.55,2.96,3.05,0.65,2.13,1.07,1.71,0.34,36,92,2.7,11.0,0,
25.4.2026,11:20:4.544,11648,24734,32.0,8264,24150,25.4,0.0,3968,0,1.208,1.210,1.215,1.215,1.205,1.205,1.205,1.205,1.205,4939.3,4653.5,4653.5,5225.0,5225.0,5225.0,5225.0,4653.5,4653.5,100.0,810.5,21.7,27.9,560.3,436.5,1190.4,2578.3,2440.5,3227.8,1183.7,958.0,159.2,141.1,16.7,11.0,6.5,7.9,810.5,14.9,1.2,0.7,9.9,7.5,20.5,48.5,43.5,59.9,22.9,17.4,3.0,2.5,0.5,0.0,0.0,0.0,59.9,14.9,16.8,1.1,0.5,11.1,8.6,24.3,54.3,50.3,68.0,24.7,19.6,3.2,2.7,0.3,0.2,0.1,0.2,16.8,49.4,46.5,46.5,52.2,52.2,52.2,52.2,46.5,46.5,0.0,24.0,1.5,14.9,59.1,82.1,28.6,5.0,0.5,0.3,37.6,5.1,85.1,40.9,17.9,71.4,76.8,2.5,1.3,38.4,93.4,0.0,0.0,0.0,0.0,18.1,96.9,98.5,3000.0,30.00,30,36,36,76,112,884,1,53.5,51.9,49.6,41.9,40.1,41.8,47.0,48.6,44.0,38.9,38.7,35.8,41.3,41.3,50.8,45.6,46.3,46.3,50.0,1.214,1.240,1.100,20.780,14.162,20.788,47.000,7.313,57.742,2.090,0.121,1.874,4.413,6.138,2.979,1.079,0.067,0.048,25.206,17.560,50.810,57.722,2000.0,3000.0,5251.8,5251.8,5250.0,35.6,17.3,26.1,35.6,54.7,No,No,No,0.209,0.128,1.9,30,53,42,24,53,1.225,5.040,3.360,3.328,12.000,1.146,1.288,3.360,3.296,3.328,1.056,1.056,1.822,1.376,1.814,0.928,3.360,2.024,936,1412,833,950,950,56.5,53.7,39.0,1.350,1.365,1.800,1.815,0.990,5.040,0.750,No,No,No,40.2,1.350,1.365,1.815,1.815,0.990,5.040,0.625,No,No,No,53,53,53,95.0,100.0,No,No,50648,75680,40,97.0,100.0,No,No,32331,69813,0.0,0.1,0.1,0.000,0.036,5308,3899,0.0,0.0,0.0,0.000,0.000,0,0,52.7,60.0,1.000,8.442,12.163,12.188,0.975,0,0,0,84.427,27.473,5.680,78.636,52.265,32.411,19.854,32.009,24.361,6.758,17.603,5.151,300.000,350.000,2737.0,1750.1,2212.0,2742.3,2310.0,29.0,4.0,0.0,49.0,4.6,5.7,28.3,0.0,0.0,0.0,0.0,0,0,0,Yes,No,No,Yes,No,No,No,28.1,28.5,0,0,0,0,0,0,0,0,0,9,0,0,0,0,0,0,0,0,0,0,0,0,0,0,0,0,0,0,0,0,15553,750,450,41,32.0,45.5,47.0,3.312,5.078,12.031,115.000,0,1.625,4.062,13.000,5.383,20.630,156.406,182.419,182.000,201.680,90.4,0,0,0,0.0,359.9,392.0,334.5,326.1,330.5,323.8,360.0,393.4,331.4,329.2,330.3,328.8,2.78,2.87,2.68,2.67,2.88,2.88,0.65,2.13,1.08,1.70,0.10,36,92,0.0,0.0,0,
25.4.2026,11:20:6.540,11650,24732,32.0,8263,24151,25.4,0.0,3968,0,1.206,1.215,1.205,1.205,1.205,1.205,1.205,1.205,1.205,5010.7,4653.5,5225.0,5225.0,5225.0,5225.0,5225.0,4653.5,4653.5,100.0,810.7,11.1,29.2,545.1,403.6,2319.6,2215.0,1811.3,3102.1,1351.3,861.6,151.6,137.2,16.7,5.5,4.2,6.8,810.7,14.9,1.0,0.0,9.6,6.8,42.7,40.8,30.7,58.4,26.1,15.3,2.8,2.4,0.5,1.0,0.3,0.0,58.4,14.9,16.8,0.9,0.6,10.8,7.9,48.5,46.5,36.3,65.6,28.2,17.5,3.0,2.6,0.3,0.1,0.1,0.1,16.8,50.1,46.5,52.2,52.2,52.2,52.2,52.2,46.5,46.5,0.0,24.0,1.3,14.3,68.9,73.2,28.9,4.9,0.4,0.2,36.7,4.7,85.7,31.1,26.8,71.1,71.5,2.0,1.0,39.2,94.0,0.0,0.0,0.0,0.0,23.6,97.6,98.8,3000.0,30.00,30,36,36,76,112,884,1,53.5,52.2,54.4,41.9,40.3,41.5,48.5,47.2,44.2,38.7,38.7,35.8,41.2,41.2,51.2,45.4,46.4,46.4,50.0,1.214,1.240,1.100,20.777,14.147,20.770,46.500,7.302,57.636,2.083,0.109,1.823,5.176,5.439,3.015,0.997,0.059,0.047,25.201,17.542,50.775,57.670,2000.0,3000.0,5252.2,5252.2,5250.0,35.6,17.3,25.8,35.6,54.9,No,No,No,0.221,0.135,1.9,30,53,42,24,53,1.234,5.040,3.360,3.328,12.000,1.146,1.288,3.360,3.296,3.328,1.056,1.056,1.837,1.385,1.814,0.928,3.360,2.024,928,1391,811,945,971,57.4,53.7,39.0,1.350,1.365,1.815,1.815,0.990,5.040,0.375,No,No,No,40.2,1.350,1.365,1.815,1.800,0.990,5.040,0.625,No,No,No,53,53,53,95.0,100.0,No,No,50648,75680,40,97.0,100.0,No,No,32331,69813,0.0,0.0,0.0,0.000,0.018,5308,3899,0.0,0.0,0.0,0.000,0.000,0,0,52.7,60.0,1.000,8.438,12.156,12.184,0.975,0,0,0,84.252,27.386,5.653,78.352,52.052,32.283,19.769,31.893,24.352,6.747,17.605,5.151,300.000,350.000,2737.0,1750.1,2212.0,2741.9,2310.0,29.0,4.0,0.0,49.0,4.6,5.7,28.4,0.0,0.0,0.0,0.0,0,0,0,Yes,No,No,Yes,No,No,No,28.0,28.1,0,0,0,0,0,0,0,0,0,9,0,0,0,0,0,0,0,0,0,0,0,0,0,0,0,0,0,0,0,0,15553,750,450,41,32.0,45.5,47.0,3.312,5.078,12.031,115.000,0,1.625,4.125,13.000,5.383,20.947,156.406,182.736,188.000,202.008,90.5,0,0,0,0.0,359.9,395.4,332.2,323.2,327.7,320.2,360.0,426.1,311.3,310.7,311.0,310.5,2.78,2.86,2.69,2.57,2.92,3.01,0.65,2.13,1.08,1.70,0.17,36,92,0.2,0.1,0,
25.4.2026,11:20:8.535,11644,24738,32.0,8262,24152,25.4,0.0,3968,0,1.215,1.215,1.215,1.215,1.215,1.215,1.215,1.215,1.215,4867.8,4653.5,4653.5,5225.0,5225.0,5225.0,4653.5,4653.5,4653.5,100.0,814.6,25.1,24.8,566.4,396.3,3765.0,1361.0,3185.1,1177.5,1317.4,888.2,153.0,132.0,18.2,9.6,6.2,7.9,814.6,14.8,1.0,0.0,10.0,6.8,71.7,22.4,59.5,19.5,25.5,15.7,2.8,2.3,0.0,0.0,0.0,0.3,71.7,14.8,16.9,1.0,0.5,11.3,7.8,79.9,27.4,66.9,23.7,27.5,18.1,3.0,2.5,0.4,0.2,0.1,0.2,16.9,48.7,46.5,46.5,52.2,52.2,52.2,46.5,46.5,46.5,0.0,24.2,1.3,14.8,76.2,66.5,28.8,4.8,0.5,0.2,37.5,4.7,85.2,23.8,33.5,71.2,78.6,2.4,0.9,38.3,94.0,0.0,0.0,0.0,0.0,16.6,97.1,98.8,3000.0,30.00,30,36,36,76,112,884,1,53.6,52.5,49.8,42.0,40.6,41.3,49.8,46.1,44.5,38.7,38.8,35.8,41.3,41.3,51.0,45.5,46.4,46.4,50.0,1.214,1.240,1.100,20.880,14.131,20.884,45.500,7.310,57.809,2.111,0.123,1.838,5.774,4.927,3.028,1.079,0.071,0.046,25.328,17.522,50.891,57.799,2000.0,3000.0,5251.7,5251.7,5250.0,35.7,17.4,25.3,35.7,55.3,No,No,No,0.211,0.129,1.9,30,53,42,24,53,1.234,5.040,3.360,3.328,12.000,1.146,1.288,3.360,3.296,3.328,1.056,1.056,1.837,1.376,1.814,0.928,3.360,2.032,927,1409,833,937,966,56.5,52.8,39.0,1.350,1.365,1.815,1.815,1.005,5.040,0.250,No,No,No,40.2,1.350,1.365,1.815,1.815,1.005,5.040,0.375,No,No,No,53,53,53,95.0,100.0,No,No,50648,75680,40,97.0,100.0,No,No,32331,69813,0.0,0.1,0.1,0.000,0.056,5308,3899,0.0,0.0,0.0,0.000,0.000,0,0,52.8,60.0,1.000,8.441,12.161,12.187,0.975,0,0,0,84.262,27.451,5.691,78.496,52.164,32.353,19.811,31.963,24.432,6.813,17.619,5.164,300.000,350.000,2737.0,1750.1,2212.0,2740.7,2310.0,29.0,4.0,0.0,49.0,4.6,5.6,28.2,0.0,0.0,0.0,0.0,0,0,0,Yes,No,No,Yes,No,No,No,28.0,28.6,0,0,0,0,0,0,0,0,0,9,0,0,0,0,0,0,0,0,0,0,0,0,0,0,0,0,0,0,0,0,15553,750,450,41,32.0,45.5,47.0,3.312,5.078,12.031,115.000,0,1.625,4.062,13.250,5.383,20.630,159.414,185.427,180.000,204.791,90.5,0,0,0,0.0,360.0,391.0,335.3,328.1,331.8,326.8,360.0,464.7,293.6,292.6,293.1,292.3,2.78,2.89,2.68,2.66,2.91,2.92,0.65,2.12,1.07,1.71,0.25,36,92,0.0,0.0,0,
25.4.2026,11:20:10.533,11647,24735,32.0,8263,24151,25.4,0.0,3968,0,1.214,1.215,1.210,1.210,1.215,1.215,1.215,1.215,1.215,4867.8,4653.5,5225.0,5225.0,5225.0,4653.5,4653.5,4653.5,4653.5,100.0,812.7,23.6,29.7,586.2,412.5,5116.6,1689.4,1930.3,715.3,1304.3,863.6,157.5,141.1,13.0,10.6,3.8,6.0,812.7,14.6,0.3,1.5,9.8,6.3,97.4,26.9,34.5,11.3,24.6,14.7,2.1,1.7,1.2,0.4,0.3,0.3,97.4,14.6,16.8,0.9,0.6,11.7,8.1,108.8,34.1,39.7,14.3,27.2,17.6,3.1,2.7,0.3,0.2,0.1,0.1,16.8,48.7,46.5,52.2,52.2,52.2,46.5,46.5,46.5,46.5,0.0,24.1,1.4,15.2,98.0,44.2,28.2,5.0,0.5,0.2,39.4,7.1,84.8,2.0,55.8,71.8,89.5,2.9,1.1,36.6,91.6,0.0,0.0,0.0,0.0,5.5,96.6,98.7,3000.0,30.00,30,36,36,76,112,884,1,53.9,53.1,48.9,42.0,41.2,40.8,52.9,42.9,44.8,38.5,38.9,35.8,41.3,41.3,50.8,45.5,46.4,46.4,50.0,1.214,1.240,1.100,21.016,14.147,21.016,47.000,7.303,57.975,2.132,0.149,1.844,7.352,3.365,2.997,1.229,0.072,0.047,25.493,17.542,51.069,57.972,2000.0,3000.0,5251.7,5251.7,5250.0,35.8,17.5,26.1,35.8,55.9,No,No,No,0.212,0.130,1.9,30,53,42,24,53,1.234,5.040,3.344,3.328,12.000,1.146,1.288,3.360,3.296,3.328,1.056,1.056,1.837,1.385,1.814,0.928,3.360,2.032,927,1401,833,936,942,57.4,52.8,39.0,1.350,1.365,1.815,1.815,1.005,5.110,0.750,No,No,No,40.2,1.350,1.365,1.815,1.815,1.005,5.040,0.250,No,No,No,53,53,53,95.0,100.0,No,No,50648,75680,40,97.0,100.0,No,No,32331,69813,0.0,0.0,0.0,0.000,0.002,5308,3899,0.0,0.0,0.0,0.000,0.000,0,0,52.8,60.0,1.000,8.439,12.158,12.185,0.975,0,0,0,84.412,27.395,5.666,78.360,52.072,32.288,19.784,31.898,24.356,6.738,17.618,5.170,300.000,350.000,2737.0,1750.1,2212.0,2740.5,2310.0,29.0,4.0,0.0,49.0,4.6,5.6,28.1,0.0,0.0,0.0,0.0,0,0,0,Yes,No,No,Yes,No,No,No,28.0,28.6,0,0,0,0,0,0,0,0,0,9,0,0,0,0,0,0,0,0,0,0,0,0,0,0,0,0,0,0,0,0,15553,750,450,41,32.0,45.5,47.0,3.312,5.078,12.031,115.000,0,1.625,4.062,12.750,5.383,20.630,153.398,179.411,174.000,198.570,90.4,0,0,0,0.0,359.9,387.6,334.9,331.3,332.6,330.8,360.0,513.7,277.1,274.1,275.8,272.8,2.78,2.89,2.68,2.56,2.95,3.02,0.65,2.13,1.07,1.71,0.33,36,92,0.0,0.0,0,
